OpenROAD 0454d5d542227115003c48e9718ce43cb386dff3 
Features included (+) or not (-): +GPU +GUI +Python : Debug
This program is licensed under the BSD-3 license. See the LICENSE file for details.
Components of this program may be licensed under more restrictive licenses which must be honored.
[WARNING STA-0345] time scale 1e-09 does not match library scale 1e+00.
[WARNING STA-0345] capacitance scale 1e-15 does not match library scale 1e+00.
[WARNING STA-0345] resistance scale 1e+03 does not match library scale 1e+00.
[WARNING STA-0345] current scale 1e-03 does not match library scale 1e+00.
[WARNING STA-0345] distance scale 1e-06 does not match library scale 1e+00.
[INFO ODB-0227] LEF file: /home/testcase/pdk/lef/NangateOpenCellLibrary.tech.lef, created 22 layers, 27 vias
[INFO ODB-0227] LEF file: /home/testcase/pdk/lef/NangateOpenCellLibrary.macro.mod.lef, created 135 library cells
[INFO ODB-0227] LEF file: /home/testcase/pdk/lef/fakeram45_32x64.lef, created 1 library cells
[INFO ODB-0227] LEF file: /home/testcase/pdk/lef/fakeram45_64x7.lef, created 1 library cells
[INFO ODB-0227] LEF file: /home/testcase/pdk/lef/fakeram45_64x96.lef, created 1 library cells
[INFO ODB-0227] LEF file: /home/testcase/pdk/lef/fakeram45_256x96.lef, created 1 library cells
[INFO ODB-0227] LEF file: /home/testcase/pdk/lef/fakeram45_512x64.lef, created 1 library cells
[INFO ODB-0127] Reading DEF file: /home/testcase/Public/public_case1/input.def
[INFO ODB-0128] Design: top
[INFO ODB-0097] 		Created 100000 Nets
[INFO ODB-0130]     Created 1453 pins.
[INFO ODB-0131]     Created 84546 components and 457750 component-terminals.
[INFO ODB-0133]     Created 101061 nets and 288658 connections.
[INFO ODB-0134] Finished DEF file: /home/testcase/Public/public_case1/input.def
[INFO ORD-0030] Using 8 thread(s).
Start placer3d
[Summary] Modules: FIXED=0, FREE=84546
== 16:38:43 TIMING+FEEDBACK PRE ==
FATAL: gpl3d::td::timing_iteration not found. Did you call TimingOracle::registerTcl(interp)?
[INFO GPL3D-0000] Begin running ePlace3D...
[Summary] Modules: FIXED=0, FREE=84546
[Check] PlaceDB summary: modules=84546, nets=101061, rows=499
TSV size: 1.400000

======Convert to 3D database======
before:
numRows:499	commonRowHeight:1.400000
coreRegionArea:488859.311279
areaExpandFactor:1.000000
after:
numTiers:2
numRowsPerTier:353	commonRowHeight:1.400000
rowWidth:495.000000,siteWidth:0.190000
Set core region from site info: lower left: (0,0) to upper right: (495,494.2)
Set core region from site info: lower left: (0,0) to upper right: (495,494.2)
=== Start SpacePlacer Initialization ===
WirelengthScaleZ: 1.040065
CoreCube:
llf pos: (0,0,0)
urb pos: (495,494.2,494.2)

Total module area:314568.684258
Macro count:14, TSV count:0, Terminals: 0, Flipflops: 0, Standard cell count:84532
macro count:14, totalMacroArea:182398.341431, totalTierArea:489258.000000
macroratio: 0.37     ratio constraint: 0.42
filler:
totalTierArea:489258.000000
totalFillerArea:125763.504077	fillerNum:80434

fillerWidth:1.116824	fillerHeight:1.400000

Free Nodes Initialization Finished, freeNodesArea: 440331.581010
total bins: 347682, avgCellVolume: 386.354185, targetDensity: 0.900000, volumeR: 120895656.000000
Stored 64 x 64 x 64 bins
Bins Updated Based on CoreCube: 64 (X) * 64 (Y) * 64 (Z) = 262144 total bins
 Gradient Initialization Finished
Initial penalty factor:0.000035

=== Finish SpacePlacer Initialization ===
length: 494940
=== Start place optimization ===
iter:0
penalty factor:0.0000353040646710
total hpwl:219710.294497
density overflow:0.686731
Density Gradient Time: 0.326838, Wirelength Gradient Time: 0.417950
stepSize : 1.000000

iter:1
penalty factor:0.0000388569111890
total hpwl:217588.957084
density overflow:0.686731
Density Gradient Time: 0.328889, Wirelength Gradient Time: 0.421469
stepSize : 5.912378

iter:2
penalty factor:0.0000428660085141
total hpwl:207001.818367
density overflow:0.685661
Density Gradient Time: 0.320356, Wirelength Gradient Time: 0.416627
stepSize : 9.565907

iter:3
penalty factor:0.0000467608702706
total hpwl:237637.690871
density overflow:0.682674
Density Gradient Time: 0.324737, Wirelength Gradient Time: 0.442582
stepSize : 14.273406

iter:4
penalty factor:0.0000494474686658
total hpwl:382492.325146
density overflow:0.675454
Density Gradient Time: 0.302526, Wirelength Gradient Time: 0.440619
stepSize : 11.178660

iter:5
penalty factor:0.0000483172113851
total hpwl:817405.177750
density overflow:0.601465
Density Gradient Time: 0.293995, Wirelength Gradient Time: 0.442632
stepSize : 21.378173

iter:6
penalty factor:0.0000483756959659
total hpwl:1162962.901460
density overflow:0.580087
Density Gradient Time: 0.284355, Wirelength Gradient Time: 0.445962
stepSize : 30.828400

iter:7
penalty factor:0.0000496960266563
total hpwl:1414079.384037
density overflow:0.580845
Density Gradient Time: 0.276463, Wirelength Gradient Time: 0.445416
stepSize : 27.724088

iter:8
penalty factor:0.0000489668520075
total hpwl:1818359.958718
density overflow:0.563797
Density Gradient Time: 0.274544, Wirelength Gradient Time: 0.444187
stepSize : 17.745546

iter:9
penalty factor:0.0000558820801936
total hpwl:1683258.963451
density overflow:0.543135
Density Gradient Time: 0.276214, Wirelength Gradient Time: 0.444794
stepSize : 14.256451

iter:10
penalty factor:0.0000639456577335
total hpwl:1538280.852620
density overflow:0.532016
Density Gradient Time: 0.275257, Wirelength Gradient Time: 0.445303
stepSize : 12.622654

iter:11
penalty factor:0.0000728583863693
total hpwl:1409114.755731
density overflow:0.526384
Density Gradient Time: 0.272808, Wirelength Gradient Time: 0.447511
stepSize : 12.078222

iter:12
penalty factor:0.0000812327507968
total hpwl:1359574.015832
density overflow:0.524501
Density Gradient Time: 0.270323, Wirelength Gradient Time: 0.446955
stepSize : 12.149289

iter:13
penalty factor:0.0000891391433276
total hpwl:1368497.965387
density overflow:0.511835
Density Gradient Time: 0.288455, Wirelength Gradient Time: 0.443778
stepSize : 11.612658

iter:14
penalty factor:0.0000980598883424
total hpwl:1368242.155949
density overflow:0.498351
Density Gradient Time: 0.272940, Wirelength Gradient Time: 0.446155
stepSize : 10.408710

iter:15
penalty factor:0.0001073672108203
total hpwl:1385258.276755
density overflow:0.476890
Density Gradient Time: 0.269799, Wirelength Gradient Time: 0.441573
stepSize : 9.209810

iter:16
penalty factor:0.0001185697353768
total hpwl:1370803.476481
density overflow:0.455848
Density Gradient Time: 0.270321, Wirelength Gradient Time: 0.440717
stepSize : 8.446826

iter:17
penalty factor:0.0001303390556048
total hpwl:1373272.223074
density overflow:0.444643
Density Gradient Time: 0.270727, Wirelength Gradient Time: 0.441133
stepSize : 8.011689

iter:18
penalty factor:0.0001435913522720
total hpwl:1367682.814041
density overflow:0.430626
Density Gradient Time: 0.273388, Wirelength Gradient Time: 0.440516
stepSize : 7.600265

iter:19
penalty factor:0.0001576301910269
total hpwl:1375137.007332
density overflow:0.418635
Density Gradient Time: 0.271934, Wirelength Gradient Time: 0.441162
stepSize : 7.198476

iter:20
penalty factor:0.0001740769049287
total hpwl:1360685.800071
density overflow:0.408093
Density Gradient Time: 0.273354, Wirelength Gradient Time: 0.467224
stepSize : 6.874733

iter:21
penalty factor:0.0001918239199972
total hpwl:1354184.118257
density overflow:0.402449
Density Gradient Time: 0.271704, Wirelength Gradient Time: 0.441289
stepSize : 6.681988

iter:22
penalty factor:0.0002114156720334
total hpwl:1347066.776538
density overflow:0.397442
Density Gradient Time: 0.279124, Wirelength Gradient Time: 0.447645
stepSize : 6.520472

iter:23
penalty factor:0.0002319421268104
total hpwl:1356792.644740
density overflow:0.390389
Density Gradient Time: 0.272160, Wirelength Gradient Time: 0.447694
stepSize : 6.312997

iter:24
penalty factor:0.0002548750597507
total hpwl:1360555.215208
density overflow:0.383157
Density Gradient Time: 0.272855, Wirelength Gradient Time: 0.447989
stepSize : 6.062628

iter:25
penalty factor:0.0002795933224999
total hpwl:1370644.697652
density overflow:0.374987
Density Gradient Time: 0.273938, Wirelength Gradient Time: 0.447876
stepSize : 5.831147

iter:26
penalty factor:0.0003071882726830
total hpwl:1374998.048495
density overflow:0.368074
Density Gradient Time: 0.270857, Wirelength Gradient Time: 0.447660
stepSize : 5.615428

iter:27
penalty factor:0.0003370127079652
total hpwl:1384730.779723
density overflow:0.359765
Density Gradient Time: 0.272849, Wirelength Gradient Time: 0.447840
stepSize : 5.419660

iter:28
penalty factor:0.0003703211008244
total hpwl:1388624.615808
density overflow:0.354059
Density Gradient Time: 0.273649, Wirelength Gradient Time: 0.447986
stepSize : 5.273500

iter:29
penalty factor:0.0004064211765272
total hpwl:1397036.375487
density overflow:0.349874
Density Gradient Time: 0.273296, Wirelength Gradient Time: 0.453753
stepSize : 5.163413

iter:30
penalty factor:0.0004457163498901
total hpwl:1408117.005009
density overflow:0.345777
Density Gradient Time: 0.272640, Wirelength Gradient Time: 0.453953
stepSize : 5.064216

iter:31
penalty factor:0.0004884140353919
total hpwl:1422179.639123
density overflow:0.341423
Density Gradient Time: 0.274250, Wirelength Gradient Time: 0.444741
stepSize : 4.942859

iter:32
penalty factor:0.0005349904364271
total hpwl:1437693.993214
density overflow:0.335188
Density Gradient Time: 0.272263, Wirelength Gradient Time: 0.444687
stepSize : 4.824291

iter:33
penalty factor:0.0005867296360175
total hpwl:1448692.010893
density overflow:0.331694
Density Gradient Time: 0.272578, Wirelength Gradient Time: 0.445419
stepSize : 4.721956

iter:34
penalty factor:0.0006433096501563
total hpwl:1460619.854004
density overflow:0.326136
Density Gradient Time: 0.272935, Wirelength Gradient Time: 0.446213
stepSize : 4.637669

iter:35
penalty factor:0.0007054554796013
total hpwl:1471976.910543
density overflow:0.323605
Density Gradient Time: 0.281407, Wirelength Gradient Time: 0.446887
stepSize : 4.576675

iter:36
penalty factor:0.0007732350143611
total hpwl:1485089.723578
density overflow:0.319294
Density Gradient Time: 0.271809, Wirelength Gradient Time: 0.447430
stepSize : 4.505518

iter:37
penalty factor:0.0008473689684454
total hpwl:1498886.231599
density overflow:0.314882
Density Gradient Time: 0.271707, Wirelength Gradient Time: 0.454450
stepSize : 4.419583

iter:38
penalty factor:0.0009294959180564
total hpwl:1509183.071886
density overflow:0.309320
Density Gradient Time: 0.273515, Wirelength Gradient Time: 0.447251
stepSize : 4.322137

iter:39
penalty factor:0.0010201778239247
total hpwl:1517336.749720
density overflow:0.303840
Density Gradient Time: 0.272884, Wirelength Gradient Time: 0.446814
stepSize : 4.243184

iter:40
penalty factor:0.0011209504295202
total hpwl:1521413.670443
density overflow:0.299750
Density Gradient Time: 0.272827, Wirelength Gradient Time: 0.447235
stepSize : 4.164043

iter:41
penalty factor:0.0012304451660383
total hpwl:1529166.005358
density overflow:0.292801
Density Gradient Time: 0.271474, Wirelength Gradient Time: 0.447230
stepSize : 4.081270

iter:42
penalty factor:0.0013521190389705
total hpwl:1532886.651463
density overflow:0.288959
Density Gradient Time: 0.272941, Wirelength Gradient Time: 0.447717
stepSize : 4.012874

iter:43
penalty factor:0.0014855781154132
total hpwl:1537216.935102
density overflow:0.284510
Density Gradient Time: 0.273317, Wirelength Gradient Time: 0.447631
stepSize : 3.936809

iter:44
penalty factor:0.0016313548975858
total hpwl:1543471.771627
density overflow:0.279427
Density Gradient Time: 0.272076, Wirelength Gradient Time: 0.446921
stepSize : 3.867744

iter:45
penalty factor:0.0017925669657452
total hpwl:1547409.946173
density overflow:0.276127
Density Gradient Time: 0.272134, Wirelength Gradient Time: 0.453871
stepSize : 3.803103

iter:46
penalty factor:0.0019679503610421
total hpwl:1554630.472533
density overflow:0.271118
Density Gradient Time: 0.272115, Wirelength Gradient Time: 0.452420
stepSize : 3.724547

iter:47
penalty factor:0.0021606528967568
total hpwl:1561579.459635
density overflow:0.266441
Density Gradient Time: 0.272822, Wirelength Gradient Time: 0.447203
stepSize : 3.641468

iter:48
penalty factor:0.0023732877461393
total hpwl:1566883.594272
density overflow:0.261448
Density Gradient Time: 0.271558, Wirelength Gradient Time: 0.446628
stepSize : 3.562684

iter:49
penalty factor:0.0026082801237382
total hpwl:1570171.555796
density overflow:0.257353
Density Gradient Time: 0.271485, Wirelength Gradient Time: 0.447225
stepSize : 3.495393

iter:50
penalty factor:0.0028662947732269
total hpwl:1573774.193647
density overflow:0.252727
Density Gradient Time: 0.283529, Wirelength Gradient Time: 0.454811
stepSize : 3.444602

iter:51
penalty factor:0.0031504722296545
total hpwl:1576631.180980
density overflow:0.247448
Density Gradient Time: 0.272429, Wirelength Gradient Time: 0.446858
stepSize : 3.395168

iter:52
penalty factor:0.0034650338470190
total hpwl:1577145.786608
density overflow:0.240662
Density Gradient Time: 0.272110, Wirelength Gradient Time: 0.446631
stepSize : 3.379693

iter:53
penalty factor:0.0038159858054289
total hpwl:1572862.313318
density overflow:0.234717
Density Gradient Time: 0.272604, Wirelength Gradient Time: 0.446774
stepSize : 3.384132

iter:54
penalty factor:0.0041940097420156
total hpwl:1575990.892120
density overflow:0.228344
Density Gradient Time: 0.285561, Wirelength Gradient Time: 0.448276
stepSize : 3.432243

iter:55
penalty factor:0.0046293499153627
total hpwl:1563325.344486
density overflow:0.222543
Density Gradient Time: 0.272996, Wirelength Gradient Time: 0.447325
stepSize : 3.578059

iter:56
penalty factor:0.0051008167000049
total hpwl:1557177.925493
density overflow:0.218605
Density Gradient Time: 0.272867, Wirelength Gradient Time: 0.446603
stepSize : 3.731363

iter:57
penalty factor:0.0056049375215153
total hpwl:1561081.255131
density overflow:0.213641
Density Gradient Time: 0.272312, Wirelength Gradient Time: 0.447516
stepSize : 3.929620

iter:58
penalty factor:0.0061723178819741
total hpwl:1556981.780132
density overflow:0.209210
Density Gradient Time: 0.272716, Wirelength Gradient Time: 0.447105
stepSize : 4.186335

iter:59
penalty factor:0.0067922090392210
total hpwl:1555543.705729
density overflow:0.204834
Density Gradient Time: 0.272655, Wirelength Gradient Time: 0.446936
stepSize : 4.551154

iter:60
penalty factor:0.0074440657640439
total hpwl:1569017.936190
density overflow:0.201318
Density Gradient Time: 0.273804, Wirelength Gradient Time: 0.452158
stepSize : 4.896206

iter:61
penalty factor:0.0081481909655855
total hpwl:1587127.190103
density overflow:0.197809
Density Gradient Time: 0.272691, Wirelength Gradient Time: 0.446146
stepSize : 5.310592

iter:62
penalty factor:0.0089056913451312
total hpwl:1610686.562117
density overflow:0.193752
Density Gradient Time: 0.274293, Wirelength Gradient Time: 0.445568
stepSize : 5.739304

iter:63
penalty factor:0.0097242452626940
total hpwl:1637781.859974
density overflow:0.188626
Density Gradient Time: 0.273422, Wirelength Gradient Time: 0.446223
stepSize : 6.306046

iter:64
penalty factor:0.0105728194535953
total hpwl:1680548.367497
density overflow:0.182844
Density Gradient Time: 0.275396, Wirelength Gradient Time: 0.445269
stepSize : 6.854066

iter:65
penalty factor:0.0114728562084011
total hpwl:1730537.459406
density overflow:0.176533
Density Gradient Time: 0.275277, Wirelength Gradient Time: 0.445257
stepSize : 7.510168

iter:66
penalty factor:0.0124194101114299
total hpwl:1789416.063175
density overflow:0.169982
Density Gradient Time: 0.274565, Wirelength Gradient Time: 0.448038
stepSize : 8.067913

iter:67
penalty factor:0.0134572173964624
total hpwl:1844702.035997
density overflow:0.164445
Density Gradient Time: 0.272811, Wirelength Gradient Time: 0.445430
stepSize : 8.687721

iter:68
penalty factor:0.0145081650850364
total hpwl:1918565.634742
density overflow:0.157433
Density Gradient Time: 0.274771, Wirelength Gradient Time: 0.445465
stepSize : 9.294969

iter:69
penalty factor:0.0155741876600430
total hpwl:2008193.056581
density overflow:0.150817
Density Gradient Time: 0.272810, Wirelength Gradient Time: 0.446044
stepSize : 10.091635

iter:70
penalty factor:0.0164906396080564
total hpwl:2148222.768832
density overflow:0.142473
Density Gradient Time: 0.273299, Wirelength Gradient Time: 0.446134
stepSize : 10.793782

iter:71
penalty factor:0.0173616940219394
total hpwl:2309201.228195
density overflow:0.135265
Density Gradient Time: 0.273449, Wirelength Gradient Time: 0.446639
stepSize : 11.459659

iter:72
penalty factor:0.0181725483922304
total hpwl:2491579.640885
density overflow:0.127720
Density Gradient Time: 0.275152, Wirelength Gradient Time: 0.451847
stepSize : 11.853603

iter:73
penalty factor:0.0192509243804438
total hpwl:2629887.312183
density overflow:0.119361
Density Gradient Time: 0.273584, Wirelength Gradient Time: 0.446423
stepSize : 12.107971

iter:74
penalty factor:0.0209475660645831
total hpwl:2669719.145978
density overflow:0.111623
Density Gradient Time: 0.274265, Wirelength Gradient Time: 0.445594
stepSize : 12.316851

iter:75
penalty factor:0.0235651849927970
total hpwl:2587322.707776
density overflow:0.103682
Density Gradient Time: 0.275148, Wirelength Gradient Time: 0.452445
stepSize : 13.194446

sp-place clk aware time:0.000000
=== Finish place optimization ===

====Space Placement finished, now start partition and tier placement====
Placeinfo written to ./forPart/placeinfo
===real partition===
TSVCountPerTier[0]: 0, total TSV area: 0.000000
TSVCountPerTier[1]: 0, total TSV area: 0.000000
Layer 0 max area: 232397.550000, used area: 158507.276236
Layer 1 max area: 232397.550000, used area: 156061.408022
=====start partition=====
Partition results written to ./forPart/placeinfo.part
[31mRunning partitioner: /home/TritonPart/TD_3D/src/gpl3d/third_party/hypergraphpartition/src/plm/ad_plm.x ./forPart/placeinfo 2 1 3 123456[0m
SEED = 123456 fname = ./forPart/placeinfo
Using existing partition from ./forPart/placeinfo.part
pass_no = 1 Final cutsize = -35645 Check cutsize = 3624
Writing partition to ./forPart/placeinfo.part.2
maxcellNum: 41739, minPartSize: 154139, curPartSize: 154204, maxPartSize: 160430
maxcellNum: 42807, minPartSize: 154139, curPartSize: 160364, maxPartSize: 160430
Partitioned position read from ./forPart/placeinfo.part.2

TSV count: 3624
TSV count per tier: 0, 3624, 
Partition Time: 0.210926 seconds
Net count after partition: 104685
=====end partition=====



=== Start TierPlacer Initialization ===
CoreRegion:
ll pos: (0,0)
ur pos: (495,494.2)

Number of modules to process: 88170
totalModuleArea:321671.723964

filler:
fillerWidth:1.116824	fillerHeight:1.400000
Tier:0; Tier area:244629
terminalArea: 0.0     whiteSpaceArea: 244629  targetDensity: 0.950000   moveableNodesNumber: 41739        moveableNodesArea: 154717   
macroCount:7	macroArea:91305    macroRatio: 0.37
TSVCount:0	TSVarea:0
TierFillerArea:77681	fillerNum:49682

Tier:1; Tier area:244629
terminalArea: 0.0     whiteSpaceArea: 244629  targetDensity: 0.950000   moveableNodesNumber: 46431        moveableNodesArea: 166955   
macroCount:7	macroArea:91093    macroRatio: 0.37
TSVCount:3624	TSVarea:7103
TierFillerArea:65442	fillerNum:41854


mesh:
tier:0,mesh:256*256
tier:1,mesh:256*256

Initial penalty factor:0.054596

=== Finish TierPlacer Initialization ===
Module type count: Macros: 14, TSVs: 3624, Terminals: 0, FFs: 0, Standard Cells: 84532
Tier 0: 0 FFs
Tier 1: 0 FFs
length: 359412
length: 359412
[INFO GPL3D-0000] Timing iteration: build RC (3D/TSV) …
[INFO GPL3D-0000] RCTreeBuilder3D: built models for 90276 nets (cross-layer nets = 3624).
[WARNING GPL3D-0000] overlayTSV: STA net not found. orig='lce_cmd\[26\]_TSV_0_1_DN' try0='lce_cmd[26]' try1='top/lce_cmd[26]' top='top'
[WARNING GPL3D-0000] overlayTSV: STA net not found. orig='lce_cmd\[27\]_TSV_0_1_DN' try0='lce_cmd[27]' try1='top/lce_cmd[27]' top='top'
[WARNING GPL3D-0000] overlayTSV: STA net not found. orig='lce_data_cmd_ready_lo\[0\]_TSV_0_1_DN' try0='lce_data_cmd_ready_lo[0]' try1='top/lce_data_cmd_ready_lo[0]' top='top'
[WARNING GPL3D-0000] overlayTSV: STA net not found. orig='lce_req\[10\]_TSV_0_1_DN' try0='lce_req[10]' try1='top/lce_req[10]' top='top'
[WARNING GPL3D-0000] overlayTSV: STA net not found. orig='lce_req\[11\]_TSV_0_1_DN' try0='lce_req[11]' try1='top/lce_req[11]' top='top'
[WARNING GPL3D-0000] overlayTSV: STA net not found. orig='lce_req\[16\]_TSV_0_1_DN' try0='lce_req[16]' try1='top/lce_req[16]' top='top'
[WARNING GPL3D-0000] overlayTSV: STA net not found. orig='lce_req\[18\]_TSV_0_1_DN' try0='lce_req[18]' try1='top/lce_req[18]' top='top'
[WARNING GPL3D-0000] overlayTSV: STA net not found. orig='lce_req\[4\]_TSV_0_1_DN' try0='lce_req[4]' try1='top/lce_req[4]' top='top'
[WARNING GPL3D-0000] overlayTSV: STA net not found. orig='lce_req\[7\]_TSV_0_1_DN' try0='lce_req[7]' try1='top/lce_req[7]' top='top'
[WARNING GPL3D-0000] overlayTSV: STA net not found. orig='lce_req\[8\]_TSV_0_1_DN' try0='lce_req[8]' try1='top/lce_req[8]' top='top'
[WARNING GPL3D-0000] overlayTSV: STA net not found. orig='lce_req\[9\]_TSV_0_1_DN' try0='lce_req[9]' try1='top/lce_req[9]' top='top'
[WARNING GPL3D-0000] overlayTSV: STA net not found. orig='lce_req_ready\[0\]_TSV_0_1_DN' try0='lce_req_ready[0]' try1='top/lce_req_ready[0]' top='top'
[WARNING GPL3D-0000] overlayTSV: STA net not found. orig='lce_resp\[0\]_TSV_0_1_DN' try0='lce_resp[0]' try1='top/lce_resp[0]' top='top'
[WARNING GPL3D-0000] overlayTSV: STA net not found. orig='lce_resp\[11\]_TSV_0_1_DN' try0='lce_resp[11]' try1='top/lce_resp[11]' top='top'
[WARNING GPL3D-0000] overlayTSV: STA net not found. orig='lce_resp\[12\]_TSV_0_1_DN' try0='lce_resp[12]' try1='top/lce_resp[12]' top='top'
[WARNING GPL3D-0000] overlayTSV: STA net not found. orig='lce_resp\[21\]_TSV_0_1_DN' try0='lce_resp[21]' try1='top/lce_resp[21]' top='top'
[WARNING GPL3D-0000] overlayTSV: STA net not found. orig='lce_resp\[2\]_TSV_0_1_DN' try0='lce_resp[2]' try1='top/lce_resp[2]' top='top'
[WARNING GPL3D-0000] overlayTSV: STA net not found. orig='lce_resp\[3\]_TSV_0_1_DN' try0='lce_resp[3]' try1='top/lce_resp[3]' top='top'
[WARNING GPL3D-0000] overlayTSV: STA net not found. orig='lce_resp\[4\]_TSV_0_1_DN' try0='lce_resp[4]' try1='top/lce_resp[4]' top='top'
[WARNING GPL3D-0000] overlayTSV: STA net not found. orig='lce_resp\[9\]_TSV_0_1_DN' try0='lce_resp[9]' try1='top/lce_resp[9]' top='top'
[INFO GPL3D-0000] overlayTSV: [default max] net mem_data_resp_i[64] add C = 20.000 fF
[WARNING GPL3D-0000] overlayTSV: STA net not found. orig='me/lce_cmd_o_from_cce\[11\]_TSV_0_1_DN' try0='me/lce_cmd_o_from_cce[11]' try1='lce_cmd_o_from_cce[11]' top='top'
[WARNING GPL3D-0000] overlayTSV: STA net not found. orig='me/lce_cmd_o_from_cce\[14\]_TSV_0_1_DN' try0='me/lce_cmd_o_from_cce[14]' try1='lce_cmd_o_from_cce[14]' top='top'
[WARNING GPL3D-0000] overlayTSV: STA net not found. orig='me/lce_cmd_o_from_cce\[17\]_TSV_0_1_DN' try0='me/lce_cmd_o_from_cce[17]' try1='lce_cmd_o_from_cce[17]' top='top'
[WARNING GPL3D-0000] overlayTSV: STA net not found. orig='me/lce_cmd_o_from_cce\[19\]_TSV_0_1_DN' try0='me/lce_cmd_o_from_cce[19]' try1='lce_cmd_o_from_cce[19]' top='top'
[WARNING GPL3D-0000] overlayTSV: STA net not found. orig='me/lce_cmd_o_from_cce\[21\]_TSV_0_1_DN' try0='me/lce_cmd_o_from_cce[21]' try1='lce_cmd_o_from_cce[21]' top='top'
[WARNING GPL3D-0000] overlayTSV: STA net not found. orig='me/lce_cmd_o_from_cce\[23\]_TSV_0_1_DN' try0='me/lce_cmd_o_from_cce[23]' try1='lce_cmd_o_from_cce[23]' top='top'
[WARNING GPL3D-0000] overlayTSV: STA net not found. orig='me/lce_cmd_o_from_cce\[24\]_TSV_0_1_DN' try0='me/lce_cmd_o_from_cce[24]' try1='lce_cmd_o_from_cce[24]' top='top'
[WARNING GPL3D-0000] overlayTSV: STA net not found. orig='me/lce_cmd_o_from_cce\[25\]_TSV_0_1_DN' try0='me/lce_cmd_o_from_cce[25]' try1='lce_cmd_o_from_cce[25]' top='top'
[WARNING GPL3D-0000] overlayTSV: STA net not found. orig='me/lce_cmd_o_from_cce\[6\]_TSV_0_1_DN' try0='me/lce_cmd_o_from_cce[6]' try1='lce_cmd_o_from_cce[6]' top='top'
[WARNING GPL3D-0000] overlayTSV: STA net not found. orig='me/lce_cmd_o_from_cce\[7\]_TSV_0_1_DN' try0='me/lce_cmd_o_from_cce[7]' try1='lce_cmd_o_from_cce[7]' top='top'
[WARNING GPL3D-0000] overlayTSV: STA net not found. orig='me/lce_cmd_o_from_cce\[8\]_TSV_0_1_DN' try0='me/lce_cmd_o_from_cce[8]' try1='lce_cmd_o_from_cce[8]' top='top'
[WARNING GPL3D-0000] overlayTSV: STA net not found. orig='me/lce_data_cmd_o_from_cce\[117\]_TSV_0_1_DN' try0='me/lce_data_cmd_o_from_cce[117]' try1='lce_data_cmd_o_from_cce[117]' top='top'
[WARNING GPL3D-0000] overlayTSV: STA net not found. orig='me/lce_data_cmd_o_from_cce\[127\]_TSV_0_1_DN' try0='me/lce_data_cmd_o_from_cce[127]' try1='lce_data_cmd_o_from_cce[127]' top='top'
[WARNING GPL3D-0000] overlayTSV: STA net not found. orig='me/lce_data_cmd_o_from_cce\[129\]_TSV_0_1_DN' try0='me/lce_data_cmd_o_from_cce[129]' try1='lce_data_cmd_o_from_cce[129]' top='top'
[WARNING GPL3D-0000] overlayTSV: STA net not found. orig='me/lce_data_cmd_o_from_cce\[130\]_TSV_0_1_DN' try0='me/lce_data_cmd_o_from_cce[130]' try1='lce_data_cmd_o_from_cce[130]' top='top'
[WARNING GPL3D-0000] overlayTSV: STA net not found. orig='me/lce_data_cmd_o_from_cce\[156\]_TSV_0_1_DN' try0='me/lce_data_cmd_o_from_cce[156]' try1='lce_data_cmd_o_from_cce[156]' top='top'
[WARNING GPL3D-0000] overlayTSV: STA net not found. orig='me/lce_data_cmd_o_from_cce\[157\]_TSV_0_1_DN' try0='me/lce_data_cmd_o_from_cce[157]' try1='lce_data_cmd_o_from_cce[157]' top='top'
[WARNING GPL3D-0000] overlayTSV: STA net not found. orig='me/lce_data_cmd_o_from_cce\[15\]_TSV_0_1_DN' try0='me/lce_data_cmd_o_from_cce[15]' try1='lce_data_cmd_o_from_cce[15]' top='top'
[WARNING GPL3D-0000] overlayTSV: STA net not found. orig='me/lce_data_cmd_o_from_cce\[16\]_TSV_0_1_DN' try0='me/lce_data_cmd_o_from_cce[16]' try1='lce_data_cmd_o_from_cce[16]' top='top'
[WARNING GPL3D-0000] overlayTSV: STA net not found. orig='me/lce_data_cmd_o_from_cce\[178\]_TSV_0_1_DN' try0='me/lce_data_cmd_o_from_cce[178]' try1='lce_data_cmd_o_from_cce[178]' top='top'
[WARNING GPL3D-0000] overlayTSV: STA net not found. orig='me/lce_data_cmd_o_from_cce\[17\]_TSV_0_1_DN' try0='me/lce_data_cmd_o_from_cce[17]' try1='lce_data_cmd_o_from_cce[17]' top='top'
[WARNING GPL3D-0000] overlayTSV: STA net not found. orig='me/lce_data_cmd_o_from_cce\[180\]_TSV_0_1_DN' try0='me/lce_data_cmd_o_from_cce[180]' try1='lce_data_cmd_o_from_cce[180]' top='top'
[WARNING GPL3D-0000] overlayTSV: STA net not found. orig='me/lce_data_cmd_o_from_cce\[188\]_TSV_0_1_DN' try0='me/lce_data_cmd_o_from_cce[188]' try1='lce_data_cmd_o_from_cce[188]' top='top'
[WARNING GPL3D-0000] overlayTSV: STA net not found. orig='me/lce_data_cmd_o_from_cce\[189\]_TSV_0_1_DN' try0='me/lce_data_cmd_o_from_cce[189]' try1='lce_data_cmd_o_from_cce[189]' top='top'
[WARNING GPL3D-0000] overlayTSV: STA net not found. orig='me/lce_data_cmd_o_from_cce\[18\]_TSV_0_1_DN' try0='me/lce_data_cmd_o_from_cce[18]' try1='lce_data_cmd_o_from_cce[18]' top='top'
[WARNING GPL3D-0000] overlayTSV: STA net not found. orig='me/lce_data_cmd_o_from_cce\[190\]_TSV_0_1_DN' try0='me/lce_data_cmd_o_from_cce[190]' try1='lce_data_cmd_o_from_cce[190]' top='top'
[WARNING GPL3D-0000] overlayTSV: STA net not found. orig='me/lce_data_cmd_o_from_cce\[19\]_TSV_0_1_DN' try0='me/lce_data_cmd_o_from_cce[19]' try1='lce_data_cmd_o_from_cce[19]' top='top'
[WARNING GPL3D-0000] overlayTSV: STA net not found. orig='me/lce_data_cmd_o_from_cce\[25\]_TSV_0_1_DN' try0='me/lce_data_cmd_o_from_cce[25]' try1='lce_data_cmd_o_from_cce[25]' top='top'
[WARNING GPL3D-0000] overlayTSV: STA net not found. orig='me/lce_data_cmd_o_from_cce\[266\]_TSV_0_1_DN' try0='me/lce_data_cmd_o_from_cce[266]' try1='lce_data_cmd_o_from_cce[266]' top='top'
[WARNING GPL3D-0000] overlayTSV: STA net not found. orig='me/lce_data_cmd_o_from_cce\[301\]_TSV_0_1_DN' try0='me/lce_data_cmd_o_from_cce[301]' try1='lce_data_cmd_o_from_cce[301]' top='top'
[WARNING GPL3D-0000] overlayTSV: STA net not found. orig='me/lce_data_cmd_o_from_cce\[35\]_TSV_0_1_DN' try0='me/lce_data_cmd_o_from_cce[35]' try1='lce_data_cmd_o_from_cce[35]' top='top'
[WARNING GPL3D-0000] overlayTSV: STA net not found. orig='me/lce_data_cmd_o_from_cce\[36\]_TSV_0_1_DN' try0='me/lce_data_cmd_o_from_cce[36]' try1='lce_data_cmd_o_from_cce[36]' top='top'
[WARNING GPL3D-0000] overlayTSV: STA net not found. orig='me/lce_data_cmd_o_from_cce\[379\]_TSV_0_1_DN' try0='me/lce_data_cmd_o_from_cce[379]' try1='lce_data_cmd_o_from_cce[379]' top='top'
[WARNING GPL3D-0000] overlayTSV: STA net not found. orig='me/lce_data_cmd_o_from_cce\[37\]_TSV_0_1_DN' try0='me/lce_data_cmd_o_from_cce[37]' try1='lce_data_cmd_o_from_cce[37]' top='top'
[WARNING GPL3D-0000] overlayTSV: STA net not found. orig='me/lce_data_cmd_o_from_cce\[380\]_TSV_0_1_DN' try0='me/lce_data_cmd_o_from_cce[380]' try1='lce_data_cmd_o_from_cce[380]' top='top'
[WARNING GPL3D-0000] overlayTSV: STA net not found. orig='me/lce_data_cmd_o_from_cce\[389\]_TSV_0_1_DN' try0='me/lce_data_cmd_o_from_cce[389]' try1='lce_data_cmd_o_from_cce[389]' top='top'
[WARNING GPL3D-0000] overlayTSV: STA net not found. orig='me/lce_data_cmd_o_from_cce\[390\]_TSV_0_1_DN' try0='me/lce_data_cmd_o_from_cce[390]' try1='lce_data_cmd_o_from_cce[390]' top='top'
[WARNING GPL3D-0000] overlayTSV: STA net not found. orig='me/lce_data_cmd_o_from_cce\[391\]_TSV_0_1_DN' try0='me/lce_data_cmd_o_from_cce[391]' try1='lce_data_cmd_o_from_cce[391]' top='top'
[WARNING GPL3D-0000] overlayTSV: STA net not found. orig='me/lce_data_cmd_o_from_cce\[392\]_TSV_0_1_DN' try0='me/lce_data_cmd_o_from_cce[392]' try1='lce_data_cmd_o_from_cce[392]' top='top'
[WARNING GPL3D-0000] overlayTSV: STA net not found. orig='me/lce_data_cmd_o_from_cce\[397\]_TSV_0_1_DN' try0='me/lce_data_cmd_o_from_cce[397]' try1='lce_data_cmd_o_from_cce[397]' top='top'
[WARNING GPL3D-0000] overlayTSV: STA net not found. orig='me/lce_data_cmd_o_from_cce\[39\]_TSV_0_1_DN' try0='me/lce_data_cmd_o_from_cce[39]' try1='lce_data_cmd_o_from_cce[39]' top='top'
[WARNING GPL3D-0000] overlayTSV: STA net not found. orig='me/lce_data_cmd_o_from_cce\[419\]_TSV_0_1_DN' try0='me/lce_data_cmd_o_from_cce[419]' try1='lce_data_cmd_o_from_cce[419]' top='top'
[WARNING GPL3D-0000] overlayTSV: STA net not found. orig='me/lce_data_cmd_o_from_cce\[420\]_TSV_0_1_DN' try0='me/lce_data_cmd_o_from_cce[420]' try1='lce_data_cmd_o_from_cce[420]' top='top'
[WARNING GPL3D-0000] overlayTSV: STA net not found. orig='me/lce_data_cmd_o_from_cce\[421\]_TSV_0_1_DN' try0='me/lce_data_cmd_o_from_cce[421]' try1='lce_data_cmd_o_from_cce[421]' top='top'
[WARNING GPL3D-0000] overlayTSV: STA net not found. orig='me/lce_data_cmd_o_from_cce\[422\]_TSV_0_1_DN' try0='me/lce_data_cmd_o_from_cce[422]' try1='lce_data_cmd_o_from_cce[422]' top='top'
[WARNING GPL3D-0000] overlayTSV: STA net not found. orig='me/lce_data_cmd_o_from_cce\[424\]_TSV_0_1_DN' try0='me/lce_data_cmd_o_from_cce[424]' try1='lce_data_cmd_o_from_cce[424]' top='top'
[WARNING GPL3D-0000] overlayTSV: STA net not found. orig='me/lce_data_cmd_o_from_cce\[425\]_TSV_0_1_DN' try0='me/lce_data_cmd_o_from_cce[425]' try1='lce_data_cmd_o_from_cce[425]' top='top'
[WARNING GPL3D-0000] overlayTSV: STA net not found. orig='me/lce_data_cmd_o_from_cce\[427\]_TSV_0_1_DN' try0='me/lce_data_cmd_o_from_cce[427]' try1='lce_data_cmd_o_from_cce[427]' top='top'
[WARNING GPL3D-0000] overlayTSV: STA net not found. orig='me/lce_data_cmd_o_from_cce\[429\]_TSV_0_1_DN' try0='me/lce_data_cmd_o_from_cce[429]' try1='lce_data_cmd_o_from_cce[429]' top='top'
[WARNING GPL3D-0000] overlayTSV: STA net not found. orig='me/lce_data_cmd_o_from_cce\[434\]_TSV_0_1_DN' try0='me/lce_data_cmd_o_from_cce[434]' try1='lce_data_cmd_o_from_cce[434]' top='top'
[WARNING GPL3D-0000] overlayTSV: STA net not found. orig='me/lce_data_cmd_o_from_cce\[438\]_TSV_0_1_DN' try0='me/lce_data_cmd_o_from_cce[438]' try1='lce_data_cmd_o_from_cce[438]' top='top'
[WARNING GPL3D-0000] overlayTSV: STA net not found. orig='me/lce_data_cmd_o_from_cce\[439\]_TSV_0_1_DN' try0='me/lce_data_cmd_o_from_cce[439]' try1='lce_data_cmd_o_from_cce[439]' top='top'
[WARNING GPL3D-0000] overlayTSV: STA net not found. orig='me/lce_data_cmd_o_from_cce\[440\]_TSV_0_1_DN' try0='me/lce_data_cmd_o_from_cce[440]' try1='lce_data_cmd_o_from_cce[440]' top='top'
[WARNING GPL3D-0000] overlayTSV: STA net not found. orig='me/lce_data_cmd_o_from_cce\[442\]_TSV_0_1_DN' try0='me/lce_data_cmd_o_from_cce[442]' try1='lce_data_cmd_o_from_cce[442]' top='top'
[WARNING GPL3D-0000] overlayTSV: STA net not found. orig='me/lce_data_cmd_o_from_cce\[443\]_TSV_0_1_DN' try0='me/lce_data_cmd_o_from_cce[443]' try1='lce_data_cmd_o_from_cce[443]' top='top'
[WARNING GPL3D-0000] overlayTSV: STA net not found. orig='me/lce_data_cmd_o_from_cce\[445\]_TSV_0_1_DN' try0='me/lce_data_cmd_o_from_cce[445]' try1='lce_data_cmd_o_from_cce[445]' top='top'
[WARNING GPL3D-0000] overlayTSV: STA net not found. orig='me/lce_data_cmd_o_from_cce\[446\]_TSV_0_1_DN' try0='me/lce_data_cmd_o_from_cce[446]' try1='lce_data_cmd_o_from_cce[446]' top='top'
[WARNING GPL3D-0000] overlayTSV: STA net not found. orig='me/lce_data_cmd_o_from_cce\[447\]_TSV_0_1_DN' try0='me/lce_data_cmd_o_from_cce[447]' try1='lce_data_cmd_o_from_cce[447]' top='top'
[WARNING GPL3D-0000] overlayTSV: STA net not found. orig='me/lce_data_cmd_o_from_cce\[448\]_TSV_0_1_DN' try0='me/lce_data_cmd_o_from_cce[448]' try1='lce_data_cmd_o_from_cce[448]' top='top'
[WARNING GPL3D-0000] overlayTSV: STA net not found. orig='me/lce_data_cmd_o_from_cce\[513\]_TSV_0_1_DN' try0='me/lce_data_cmd_o_from_cce[513]' try1='lce_data_cmd_o_from_cce[513]' top='top'
[WARNING GPL3D-0000] overlayTSV: STA net not found. orig='me/lce_data_cmd_o_from_cce\[514\]_TSV_0_1_DN' try0='me/lce_data_cmd_o_from_cce[514]' try1='lce_data_cmd_o_from_cce[514]' top='top'
[WARNING GPL3D-0000] overlayTSV: STA net not found. orig='me/lce_data_cmd_o_from_cce\[515\]_TSV_0_1_DN' try0='me/lce_data_cmd_o_from_cce[515]' try1='lce_data_cmd_o_from_cce[515]' top='top'
[WARNING GPL3D-0000] overlayTSV: STA net not found. orig='me/lce_data_cmd_o_from_cce\[59\]_TSV_0_1_DN' try0='me/lce_data_cmd_o_from_cce[59]' try1='lce_data_cmd_o_from_cce[59]' top='top'
[WARNING GPL3D-0000] overlayTSV: STA net not found. orig='me/lce_data_cmd_o_from_cce\[60\]_TSV_0_1_DN' try0='me/lce_data_cmd_o_from_cce[60]' try1='lce_data_cmd_o_from_cce[60]' top='top'
[WARNING GPL3D-0000] overlayTSV: STA net not found. orig='me/lce_data_cmd_o_from_cce\[61\]_TSV_0_1_DN' try0='me/lce_data_cmd_o_from_cce[61]' try1='lce_data_cmd_o_from_cce[61]' top='top'
[WARNING GPL3D-0000] overlayTSV: STA net not found. orig='me/lce_data_cmd_o_from_cce\[62\]_TSV_0_1_DN' try0='me/lce_data_cmd_o_from_cce[62]' try1='lce_data_cmd_o_from_cce[62]' top='top'
[WARNING GPL3D-0000] overlayTSV: STA net not found. orig='me/lce_data_cmd_o_from_cce\[63\]_TSV_0_1_DN' try0='me/lce_data_cmd_o_from_cce[63]' try1='lce_data_cmd_o_from_cce[63]' top='top'
[WARNING GPL3D-0000] overlayTSV: STA net not found. orig='me/lce_data_cmd_o_from_cce\[64\]_TSV_0_1_DN' try0='me/lce_data_cmd_o_from_cce[64]' try1='lce_data_cmd_o_from_cce[64]' top='top'
[WARNING GPL3D-0000] overlayTSV: STA net not found. orig='me/lce_data_cmd_o_from_cce\[65\]_TSV_0_1_DN' try0='me/lce_data_cmd_o_from_cce[65]' try1='lce_data_cmd_o_from_cce[65]' top='top'
[WARNING GPL3D-0000] overlayTSV: STA net not found. orig='me/lce_data_cmd_o_from_cce\[66\]_TSV_0_1_DN' try0='me/lce_data_cmd_o_from_cce[66]' try1='lce_data_cmd_o_from_cce[66]' top='top'
[WARNING GPL3D-0000] overlayTSV: STA net not found. orig='me/lce_data_cmd_o_from_cce\[69\]_TSV_0_1_DN' try0='me/lce_data_cmd_o_from_cce[69]' try1='lce_data_cmd_o_from_cce[69]' top='top'
[WARNING GPL3D-0000] overlayTSV: STA net not found. orig='me/lce_data_resp_i_to_cce\[272\]_TSV_0_1_DN' try0='me/lce_data_resp_i_to_cce[272]' try1='lce_data_resp_i_to_cce[272]' top='top'
[WARNING GPL3D-0000] overlayTSV: STA net not found. orig='me/lce_data_resp_i_to_cce\[281\]_TSV_0_1_DN' try0='me/lce_data_resp_i_to_cce[281]' try1='lce_data_resp_i_to_cce[281]' top='top'
[WARNING GPL3D-0000] overlayTSV: STA net not found. orig='me/lce_data_resp_i_to_cce\[302\]_TSV_0_1_DN' try0='me/lce_data_resp_i_to_cce[302]' try1='lce_data_resp_i_to_cce[302]' top='top'
[WARNING GPL3D-0000] overlayTSV: STA net not found. orig='me/lce_data_resp_i_to_cce\[413\]_TSV_0_1_DN' try0='me/lce_data_resp_i_to_cce[413]' try1='lce_data_resp_i_to_cce[413]' top='top'
[WARNING GPL3D-0000] overlayTSV: STA net not found. orig='me/lce_data_resp_i_to_cce\[469\]_TSV_0_1_DN' try0='me/lce_data_resp_i_to_cce[469]' try1='lce_data_resp_i_to_cce[469]' top='top'
[WARNING GPL3D-0000] overlayTSV: STA net not found. orig='me/lce_data_resp_i_to_cce\[471\]_TSV_0_1_DN' try0='me/lce_data_resp_i_to_cce[471]' try1='lce_data_resp_i_to_cce[471]' top='top'
[WARNING GPL3D-0000] overlayTSV: STA net not found. orig='me/lce_data_resp_i_to_cce\[474\]_TSV_0_1_DN' try0='me/lce_data_resp_i_to_cce[474]' try1='lce_data_resp_i_to_cce[474]' top='top'
[WARNING GPL3D-0000] overlayTSV: STA net not found. orig='me/lce_data_resp_i_to_cce\[476\]_TSV_0_1_DN' try0='me/lce_data_resp_i_to_cce[476]' try1='lce_data_resp_i_to_cce[476]' top='top'
[WARNING GPL3D-0000] overlayTSV: STA net not found. orig='me/lce_req_i_to_cce\[30\]_TSV_0_1_DN' try0='me/lce_req_i_to_cce[30]' try1='lce_req_i_to_cce[30]' top='top'
[WARNING GPL3D-0000] overlayTSV: STA net not found. orig='me/lce_req_i_to_cce\[51\]_TSV_0_1_DN' try0='me/lce_req_i_to_cce[51]' try1='lce_req_i_to_cce[51]' top='top'
[WARNING GPL3D-0000] overlayTSV: STA net not found. orig='me/lce_req_i_to_cce\[52\]_TSV_0_1_DN' try0='me/lce_req_i_to_cce[52]' try1='lce_req_i_to_cce[52]' top='top'
[WARNING GPL3D-0000] overlayTSV: STA net not found. orig='me/lce_req_i_to_cce\[53\]_TSV_0_1_DN' try0='me/lce_req_i_to_cce[53]' try1='lce_req_i_to_cce[53]' top='top'
[INFO GPL3D-0000] overlayTSV: [default max] net me/genblk1_0__bp_cce_top/_16503_ add C = 20.000 fF
[INFO GPL3D-0000] overlayTSV: [default max] net me/network/data_cmd_channel/_08953_ add C = 20.000 fF
[INFO GPL3D-0000] overlayTSV: [default max] net me/network/data_cmd_channel/_08967_ add C = 20.000 fF
[INFO GPL3D-0000] overlayTSV: [default max] net me/network/data_resp_channel/_02738_ add C = 20.000 fF
[INFO GPL3D-0000] overlayTSV: [default max] net me/network/data_cmd_channel/_08987_ add C = 20.000 fF
[INFO GPL3D-0000] overlayTSV: [default max] net me/network/data_cmd_channel/_09005_ add C = 20.000 fF
[INFO GPL3D-0000] overlayTSV: [default max] net me/network/data_cmd_channel/_09027_ add C = 20.000 fF
[INFO GPL3D-0000] overlayTSV: [default max] net me/network/data_cmd_channel/_09042_ add C = 20.000 fF
[INFO GPL3D-0000] overlayTSV: [default max] net me/network/data_cmd_channel/_09049_ add C = 20.000 fF
[INFO GPL3D-0000] overlayTSV: [default max] net me/genblk1_0__bp_cce_top/bp_cce/_05644_ add C = 20.000 fF
[INFO GPL3D-0000] overlayTSV: [default max] net me/genblk1_0__bp_cce_top/_09787_ add C = 20.000 fF
[INFO GPL3D-0000] overlayTSV: [default max] net me/genblk1_0__bp_cce_top/_16860_ add C = 20.000 fF
[INFO GPL3D-0000] overlayTSV: [default max] net me/network/lce_cce_req_network/rof_0__fi2_efi3_coherence_network_channel_node.bmr.mux_data_proc.N88 add C = 20.000 fF
[INFO GPL3D-0000] overlayTSV: [default max] net me/genblk1_0__bp_cce_top/_09865_ add C = 20.000 fF
[INFO GPL3D-0000] overlayTSV: [default max] net me/genblk1_0__bp_cce_top/_16997_ add C = 20.000 fF
[WARNING GPL3D-0000] overlayTSV: STA net not found. orig='me/genblk1_0__bp_cce_top/mem_cce_data_resp_fifo.data_o\[224\]_TSV_0_1_DN' try0='me/genblk1_0__bp_cce_top/mem_cce_data_resp_fifo.data_o[224]' try1='mem_cce_data_resp_fifo.data_o[224]' top='top'
[INFO GPL3D-0000] overlayTSV: [default max] net me/genblk1_0__bp_cce_top/_10002_ add C = 20.000 fF
[INFO GPL3D-0000] overlayTSV: [default max] net me/network/data_cmd_channel/_09754_ add C = 20.000 fF
[INFO GPL3D-0000] overlayTSV: [default max] net me/network/data_cmd_channel/_09806_ add C = 20.000 fF
[INFO GPL3D-0000] overlayTSV: [default max] net me/network/data_cmd_channel/_09827_ add C = 20.000 fF
[INFO GPL3D-0000] overlayTSV: [default max] net me/network/data_cmd_channel/_09834_ add C = 20.000 fF
[INFO GPL3D-0000] overlayTSV: [default max] net me/network/data_cmd_channel/_09860_ add C = 20.000 fF
[INFO GPL3D-0000] overlayTSV: [default max] net me/genblk1_0__bp_cce_top/bp_cce/_06249_ add C = 20.000 fF
[INFO GPL3D-0000] overlayTSV: [default max] net me/network/data_cmd_channel/_10538_ add C = 20.000 fF
[INFO GPL3D-0000] overlayTSV: [default max] net me/genblk1_0__bp_cce_top/bp_cce/_06418_ add C = 20.000 fF
[INFO GPL3D-0000] overlayTSV: [default max] net me/network/data_cmd_channel/_10558_ add C = 20.000 fF
[INFO GPL3D-0000] overlayTSV: [default max] net me/network/data_cmd_channel/_10652_ add C = 20.000 fF
[INFO GPL3D-0000] overlayTSV: [default max] net me/network/data_cmd_channel/_10662_ add C = 20.000 fF
[INFO GPL3D-0000] overlayTSV: [default max] net me/network/data_cmd_channel/_10670_ add C = 20.000 fF
[INFO GPL3D-0000] overlayTSV: [default max] net me/network/data_cmd_channel/_10689_ add C = 20.000 fF
[WARNING GPL3D-0000] overlayTSV: STA net not found. orig='rof1_0__core/fe/icache_1/read_mux_butterfly.data_i\[327\]_TSV_0_1_DN' try0='rof1_0__core/fe/icache_1/read_mux_butterfly.data_i[327]' try1='read_mux_butterfly.data_i[327]' top='top'
[INFO GPL3D-0000] overlayTSV: [default max] net me/network/data_cmd_channel/_03435_ add C = 20.000 fF
[WARNING GPL3D-0000] overlayTSV: STA net not found. orig='rof1_0__core/fe/icache_1/write_mux_butterfly.data_o\[177\]_TSV_0_1_DN' try0='rof1_0__core/fe/icache_1/write_mux_butterfly.data_o[177]' try1='write_mux_butterfly.data_o[177]' top='top'
[INFO GPL3D-0000] overlayTSV: [default max] net me/network/data_cmd_channel/_10873_ add C = 20.000 fF
[WARNING GPL3D-0000] overlayTSV: STA net not found. orig='rof1_0__core/fe/icache_1/write_mux_butterfly.data_o\[19\]_TSV_0_1_DN' try0='rof1_0__core/fe/icache_1/write_mux_butterfly.data_o[19]' try1='write_mux_butterfly.data_o[19]' top='top'
[INFO GPL3D-0000] overlayTSV: [default max] net me/genblk1_0__bp_cce_top/_04056_ add C = 20.000 fF
[INFO GPL3D-0000] overlayTSV: [default max] net me/network/data_cmd_channel/_04798_ add C = 20.000 fF
[INFO GPL3D-0000] overlayTSV: [default max] net rof1_0__core/fe/icache_1/_07502_ add C = 20.000 fF
[WARNING GPL3D-0000] overlayTSV: STA net not found. orig='me/network/data_cmd_channel/genblk6_0__cce_adapter_in.count_r\[1\]_TSV_0_1_DN' try0='me/network/data_cmd_channel/genblk6_0__cce_adapter_in.count_r[1]' try1='genblk6_0__cce_adapter_in.count_r[1]' top='top'
[INFO GPL3D-0000] overlayTSV: [default max] net me/network/data_cmd_channel/_04933_ add C = 20.000 fF
[INFO GPL3D-0000] overlayTSV: [default max] net me/genblk1_0__bp_cce_top/_12724_ add C = 20.000 fF
[INFO GPL3D-0000] overlayTSV: [default max] net me/genblk1_0__bp_cce_top/_05745_ add C = 20.000 fF
[INFO GPL3D-0000] overlayTSV: [default max] net me/network/data_cmd_channel/_09013_ add C = 20.000 fF
[INFO GPL3D-0000] overlayTSV: [default max] net rof1_0__core/_03346_ add C = 20.000 fF
[INFO GPL3D-0000] overlayTSV: [default max] net me/genblk1_0__bp_cce_top/_06167_ add C = 20.000 fF
[INFO GPL3D-0000] overlayTSV: [default max] net rof1_0__core/fe/bp_fe_pc_gen_1/genblk1_branch_prediction_1/btb_1/_0843_ add C = 20.000 fF
[INFO GPL3D-0000] overlayTSV: [default max] net rof1_0__core/_03616_ add C = 20.000 fF
[INFO GPL3D-0000] overlayTSV: [default max] net rof1_0__core/_03727_ add C = 20.000 fF
[INFO GPL3D-0000] overlayTSV: [default max] net me/genblk1_0__bp_cce_top/bp_cce/_06462_ add C = 20.000 fF
[INFO GPL3D-0000] overlayTSV: [default max] net rof1_0__core/fe/icache_1/_09307_ add C = 20.000 fF
[WARNING GPL3D-0000] overlayTSV: STA net not found. orig='rof1_0__core/fe/icache_1/read_mux_butterfly.data_i\[252\]_TSV_0_1_DN' try0='rof1_0__core/fe/icache_1/read_mux_butterfly.data_i[252]' try1='read_mux_butterfly.data_i[252]' top='top'
[INFO GPL3D-0000] overlayTSV: [default max] net me/network/data_cmd_channel/_06463_ add C = 20.000 fF
[INFO GPL3D-0000] overlayTSV: [default max] net rof1_0__core/fe/icache_1/_02510_ add C = 20.000 fF
[WARNING GPL3D-0000] overlayTSV: STA net not found. orig='me/genblk1_0__bp_cce_top/cce_mem_data_cmd_fifo.mem_1r1w.synth.mem\[520\]_TSV_0_1_DN' try0='me/genblk1_0__bp_cce_top/cce_mem_data_cmd_fifo.mem_1r1w.synth.mem[520]' try1='cce_mem_data_cmd_fifo.mem_1r1w.synth.mem[520]' top='top'
[INFO GPL3D-0000] overlayTSV: [default max] net me/genblk1_0__bp_cce_top/_14635_ add C = 20.000 fF
[INFO GPL3D-0000] overlayTSV: [default max] net rof1_0__core/fe/icache_1/_09770_ add C = 20.000 fF
[INFO GPL3D-0000] overlayTSV: [default max] net me/network/data_cmd_channel/_10930_ add C = 20.000 fF
[INFO GPL3D-0000] overlayTSV: [default max] net me/genblk1_0__bp_cce_top/bp_cce/_03343_ add C = 20.000 fF
[INFO GPL3D-0000] overlayTSV: [default max] net me/genblk1_0__bp_cce_top/_14735_ add C = 20.000 fF
[WARNING GPL3D-0000] overlayTSV: STA net not found. orig='me/genblk1_0__bp_cce_top/lce_cce_data_resp_fifo.data_o\[139\]_TSV_0_1_DN' try0='me/genblk1_0__bp_cce_top/lce_cce_data_resp_fifo.data_o[139]' try1='lce_cce_data_resp_fifo.data_o[139]' top='top'
[WARNING GPL3D-0000] overlayTSV: STA net not found. orig='me/genblk1_0__bp_cce_top/lce_cce_data_resp_fifo.data_o\[236\]_TSV_0_1_DN' try0='me/genblk1_0__bp_cce_top/lce_cce_data_resp_fifo.data_o[236]' try1='lce_cce_data_resp_fifo.data_o[236]' top='top'
[INFO GPL3D-0000] overlayTSV: [default max] net me/genblk1_0__bp_cce_top/_15101_ add C = 20.000 fF
[INFO GPL3D-0000] overlayTSV: [default max] net me/genblk1_0__bp_cce_top/_08195_ add C = 20.000 fF
[WARNING GPL3D-0000] overlayTSV: STA net not found. orig='me/lce_data_cmd_o_from_cce\[34\]_TSV_0_1_DN' try0='me/lce_data_cmd_o_from_cce[34]' try1='lce_data_cmd_o_from_cce[34]' top='top'
[INFO GPL3D-0000] overlayTSV: [default max] net me/network/data_cmd_channel/_07602_ add C = 20.000 fF
[INFO GPL3D-0000] overlayTSV: [default max] net me/genblk1_0__bp_cce_top/lce_cce_data_resp_fifo.head_r add C = 20.000 fF
[INFO GPL3D-0000] overlayTSV: [default max] net me/genblk1_0__bp_cce_top/_08577_ add C = 20.000 fF
[INFO GPL3D-0000] overlayTSV: [default max] net me/network/data_cmd_channel/_08101_ add C = 20.000 fF
[INFO GPL3D-0000] overlayTSV: [default max] net me/network/data_resp_channel/_02140_ add C = 20.000 fF
[WARNING GPL3D-0000] overlayTSV: STA net not found. orig='me/lce_data_cmd_o_from_cce\[509\]_TSV_0_1_DN' try0='me/lce_data_cmd_o_from_cce[509]' try1='lce_data_cmd_o_from_cce[509]' top='top'
[INFO GPL3D-0000] overlayTSV: [default max] net me/network/data_resp_channel/_02249_ add C = 20.000 fF
[INFO GPL3D-0000] overlayTSV: [default max] net me/network/data_resp_channel/_02261_ add C = 20.000 fF
[INFO GPL3D-0000] overlayTSV: [default max] net me/network/data_resp_channel/_02262_ add C = 20.000 fF
[INFO GPL3D-0000] overlayTSV: [default max] net me/network/lce_cce_req_network/_1096_ add C = 20.000 fF
[INFO GPL3D-0000] overlayTSV: [default max] net me/network/data_resp_channel/_02327_ add C = 20.000 fF
[INFO GPL3D-0000] overlayTSV: [default max] net me/network/data_resp_channel/_02379_ add C = 20.000 fF
[INFO GPL3D-0000] overlayTSV: [default max] net me/network/data_resp_channel/_02400_ add C = 20.000 fF
[INFO GPL3D-0000] overlayTSV: [default max] net me/network/data_resp_channel/_02415_ add C = 20.000 fF
[INFO GPL3D-0000] overlayTSV: [default max] net me/network/data_resp_channel/_02452_ add C = 20.000 fF
[INFO GPL3D-0000] overlayTSV: [default max] net me/network/data_resp_channel/_02493_ add C = 20.000 fF
[INFO GPL3D-0000] overlayTSV: [default max] net me/network/data_resp_channel/_02516_ add C = 20.000 fF
[INFO GPL3D-0000] overlayTSV: [default max] net me/network/data_resp_channel/_02525_ add C = 20.000 fF
[INFO GPL3D-0000] overlayTSV: [default max] net me/network/data_cmd_channel/_04993_ add C = 20.000 fF
[INFO GPL3D-0000] overlayTSV: [default max] net me/network/data_resp_channel/_02609_ add C = 20.000 fF
[INFO GPL3D-0000] overlayTSV: [default max] net me/network/data_resp_channel/_02612_ add C = 20.000 fF
[INFO GPL3D-0000] overlayTSV: [default max] net me/network/data_resp_channel/_02620_ add C = 20.000 fF
[INFO GPL3D-0000] overlayTSV: [default max] net me/network/data_resp_channel/_02625_ add C = 20.000 fF
[INFO GPL3D-0000] overlayTSV: [default max] net me/network/data_resp_channel/_02629_ add C = 20.000 fF
[INFO GPL3D-0000] overlayTSV: [default max] net me/network/data_resp_channel/_02691_ add C = 20.000 fF
[INFO GPL3D-0000] overlayTSV: [default max] net me/network/data_resp_channel/_02724_ add C = 20.000 fF
[INFO GPL3D-0000] overlayTSV: [default max] net me/genblk1_0__bp_cce_top/_09610_ add C = 20.000 fF
[INFO GPL3D-0000] overlayTSV: [default max] net me/network/data_resp_channel/_02794_ add C = 20.000 fF
[INFO GPL3D-0000] overlayTSV: [default max] net me/network/data_resp_channel/_02801_ add C = 20.000 fF
[INFO GPL3D-0000] overlayTSV: [default max] net me/network/data_resp_channel/_02808_ add C = 20.000 fF
[INFO GPL3D-0000] overlayTSV: [default max] net me/network/data_resp_channel/_02826_ add C = 20.000 fF
[INFO GPL3D-0000] overlayTSV: [default max] net me/network/data_resp_channel/_02828_ add C = 20.000 fF
[INFO GPL3D-0000] overlayTSV: [default max] net me/network/data_resp_channel/_02837_ add C = 20.000 fF
[INFO GPL3D-0000] overlayTSV: [default max] net me/network/data_resp_channel/_02878_ add C = 20.000 fF
[INFO GPL3D-0000] overlayTSV: [default max] net rof1_0__core/fe/icache_1/_05308_ add C = 20.000 fF
[INFO GPL3D-0000] overlayTSV: [default max] net me/network/data_resp_channel/_02885_ add C = 20.000 fF
[INFO GPL3D-0000] overlayTSV: [default max] net me/genblk1_0__bp_cce_top/_16777_ add C = 20.000 fF
[INFO GPL3D-0000] overlayTSV: [default max] net me/network/data_resp_channel/_02908_ add C = 20.000 fF
[INFO GPL3D-0000] overlayTSV: [default max] net me/network/data_resp_channel/_02917_ add C = 20.000 fF
[INFO GPL3D-0000] overlayTSV: [default max] net me/network/data_resp_channel/_02948_ add C = 20.000 fF
[WARNING GPL3D-0000] overlayTSV: STA net not found. orig='rof1_0__core/fe/pc_gen_icache\[12\]_TSV_0_1_DN' try0='rof1_0__core/fe/pc_gen_icache[12]' try1='pc_gen_icache[12]' top='top'
[INFO GPL3D-0000] overlayTSV: [default max] net me/network/data_resp_channel/_02962_ add C = 20.000 fF
[INFO GPL3D-0000] overlayTSV: [default max] net me/network/data_resp_channel/_02976_ add C = 20.000 fF
[INFO GPL3D-0000] overlayTSV: [default max] net me/network/data_resp_channel/_02994_ add C = 20.000 fF
[INFO GPL3D-0000] overlayTSV: [default max] net me/genblk1_0__bp_cce_top/_16917_ add C = 20.000 fF
[INFO GPL3D-0000] overlayTSV: [default max] net me/network/data_resp_channel/_03032_ add C = 20.000 fF
[INFO GPL3D-0000] overlayTSV: [default max] net me/network/data_resp_channel/_03046_ add C = 20.000 fF
[INFO GPL3D-0000] overlayTSV: [default max] net me/network/data_resp_channel/_03053_ add C = 20.000 fF
[INFO GPL3D-0000] overlayTSV: [default max] net me/genblk1_0__bp_cce_top/_09868_ add C = 20.000 fF
[INFO GPL3D-0000] overlayTSV: [default max] net me/network/data_resp_channel/_03078_ add C = 20.000 fF
[INFO GPL3D-0000] overlayTSV: [default max] net me/network/data_resp_channel/_03094_ add C = 20.000 fF
[INFO GPL3D-0000] overlayTSV: [default max] net me/network/data_resp_channel/_03102_ add C = 20.000 fF
[WARNING GPL3D-0000] overlayTSV: STA net not found. orig='me/genblk1_0__bp_cce_top/mem_cce_data_resp_fifo.data_o\[222\]_TSV_0_1_DN' try0='me/genblk1_0__bp_cce_top/mem_cce_data_resp_fifo.data_o[222]' try1='mem_cce_data_resp_fifo.data_o[222]' top='top'
[INFO GPL3D-0000] overlayTSV: [default max] net me/network/data_resp_channel/_03139_ add C = 20.000 fF
[INFO GPL3D-0000] overlayTSV: [default max] net me/network/data_resp_channel/_03148_ add C = 20.000 fF
[INFO GPL3D-0000] overlayTSV: [default max] net me/network/data_resp_channel/_03155_ add C = 20.000 fF
[INFO GPL3D-0000] overlayTSV: [default max] net me/genblk1_0__bp_cce_top/_10003_ add C = 20.000 fF
[INFO GPL3D-0000] overlayTSV: [default max] net rof1_0__core/fe/icache_1/_05857_ add C = 20.000 fF
[INFO GPL3D-0000] overlayTSV: [default max] net me/genblk1_0__bp_cce_top/bp_cce/_05962_ add C = 20.000 fF
[INFO GPL3D-0000] overlayTSV: [default max] net me/network/data_resp_channel/_03235_ add C = 20.000 fF
[INFO GPL3D-0000] overlayTSV: [default max] net me/genblk1_0__bp_cce_top/bp_cce/_06042_ add C = 20.000 fF
[INFO GPL3D-0000] overlayTSV: [default max] net me/network/data_resp_channel/_03258_ add C = 20.000 fF
[INFO GPL3D-0000] overlayTSV: [default max] net me/network/data_resp_channel/_03265_ add C = 20.000 fF
[INFO GPL3D-0000] overlayTSV: [default max] net me/network/data_resp_channel/_03295_ add C = 20.000 fF
[INFO GPL3D-0000] overlayTSV: [default max] net me/network/data_cmd_channel/_09884_ add C = 20.000 fF
[INFO GPL3D-0000] overlayTSV: [default max] net me/network/data_resp_channel/_03372_ add C = 20.000 fF
[WARNING GPL3D-0000] overlayTSV: STA net not found. orig='me/genblk1_0__bp_cce_top/mem_cce_data_resp_fifo.data_o\[536\]_TSV_0_1_DN' try0='me/genblk1_0__bp_cce_top/mem_cce_data_resp_fifo.data_o[536]' try1='mem_cce_data_resp_fifo.data_o[536]' top='top'
[INFO GPL3D-0000] overlayTSV: [default max] net me/genblk1_0__bp_cce_top/bp_cce/_06245_ add C = 20.000 fF
[INFO GPL3D-0000] overlayTSV: [default max] net me/genblk1_0__bp_cce_top/_07043_ add C = 20.000 fF
[WARNING GPL3D-0000] overlayTSV: STA net not found. orig='rof1_0__core/fe/icache_1/read_mux_butterfly.data_i\[197\]_TSV_0_1_DN' try0='rof1_0__core/fe/icache_1/read_mux_butterfly.data_i[197]' try1='read_mux_butterfly.data_i[197]' top='top'
[WARNING GPL3D-0000] overlayTSV: STA net not found. orig='rof1_0__core/fe/icache_1/read_mux_butterfly.data_i\[212\]_TSV_0_1_DN' try0='rof1_0__core/fe/icache_1/read_mux_butterfly.data_i[212]' try1='read_mux_butterfly.data_i[212]' top='top'
[INFO GPL3D-0000] overlayTSV: [default max] net me/genblk1_0__bp_cce_top/bp_cce/_03025_ add C = 20.000 fF
[WARNING GPL3D-0000] overlayTSV: STA net not found. orig='rof1_0__core/fe/icache_1/write_mux_butterfly.data_o\[114\]_TSV_0_1_DN' try0='rof1_0__core/fe/icache_1/write_mux_butterfly.data_o[114]' try1='write_mux_butterfly.data_o[114]' top='top'
[WARNING GPL3D-0000] overlayTSV: STA net not found. orig='rof1_0__core/fe/icache_1/write_mux_butterfly.data_o\[143\]_TSV_0_1_DN' try0='rof1_0__core/fe/icache_1/write_mux_butterfly.data_o[143]' try1='write_mux_butterfly.data_o[143]' top='top'
[INFO GPL3D-0000] overlayTSV: [default max] net me/network/data_cmd_channel/_03393_ add C = 20.000 fF
[INFO GPL3D-0000] overlayTSV: [default max] net me/genblk1_0__bp_cce_top/_14564_ add C = 20.000 fF
[WARNING GPL3D-0000] overlayTSV: STA net not found. orig='rof1_0__core/fe/icache_1/write_mux_butterfly.data_o\[162\]_TSV_0_1_DN' try0='rof1_0__core/fe/icache_1/write_mux_butterfly.data_o[162]' try1='write_mux_butterfly.data_o[162]' top='top'
[INFO GPL3D-0000] overlayTSV: [default max] net me/network/data_cmd_channel/_10875_ add C = 20.000 fF
[WARNING GPL3D-0000] overlayTSV: STA net not found. orig='rof1_0__core/fe/icache_1/read_mux_butterfly.data_i\[344\]_TSV_0_1_DN' try0='rof1_0__core/fe/icache_1/read_mux_butterfly.data_i[344]' try1='read_mux_butterfly.data_i[344]' top='top'
[WARNING GPL3D-0000] overlayTSV: STA net not found. orig='rof1_0__core/fe/icache_1/write_mux_butterfly.data_o\[190\]_TSV_0_1_DN' try0='rof1_0__core/fe/icache_1/write_mux_butterfly.data_o[190]' try1='write_mux_butterfly.data_o[190]' top='top'
[WARNING GPL3D-0000] overlayTSV: STA net not found. orig='rof1_0__core/fe/icache_1/read_mux_butterfly.data_i\[346\]_TSV_0_1_DN' try0='rof1_0__core/fe/icache_1/read_mux_butterfly.data_i[346]' try1='read_mux_butterfly.data_i[346]' top='top'
[INFO GPL3D-0000] overlayTSV: [default max] net rof1_0__core/fe/icache_1/_01573_ add C = 20.000 fF
[INFO GPL3D-0000] overlayTSV: [default max] net me/genblk1_0__bp_cce_top/_07776_ add C = 20.000 fF
[WARNING GPL3D-0000] overlayTSV: STA net not found. orig='rof1_0__core/fe/icache_1/write_mux_butterfly.data_o\[181\]_TSV_0_1_DN' try0='rof1_0__core/fe/icache_1/write_mux_butterfly.data_o[181]' try1='write_mux_butterfly.data_o[181]' top='top'
[WARNING GPL3D-0000] overlayTSV: STA net not found. orig='rof1_0__core/fe/icache_1/read_mux_butterfly.data_i\[383\]_TSV_0_1_DN' try0='rof1_0__core/fe/icache_1/read_mux_butterfly.data_i[383]' try1='read_mux_butterfly.data_i[383]' top='top'
[INFO GPL3D-0000] overlayTSV: [default max] net me/network/data_resp_channel/_04634_ add C = 20.000 fF
[INFO GPL3D-0000] overlayTSV: [default max] net me/network/data_resp_channel/_04636_ add C = 20.000 fF
[INFO GPL3D-0000] overlayTSV: [default max] net me/network/data_resp_channel/_04664_ add C = 20.000 fF
[INFO GPL3D-0000] overlayTSV: [default max] net me/network/data_resp_channel/_04665_ add C = 20.000 fF
[INFO GPL3D-0000] overlayTSV: [default max] net me/network/data_resp_channel/_04668_ add C = 20.000 fF
[INFO GPL3D-0000] overlayTSV: [default max] net me/network/data_resp_channel/_04719_ add C = 20.000 fF
[INFO GPL3D-0000] overlayTSV: [default max] net me/network/data_resp_channel/_04722_ add C = 20.000 fF
[INFO GPL3D-0000] overlayTSV: [default max] net me/network/data_resp_channel/_04730_ add C = 20.000 fF
[WARNING GPL3D-0000] overlayTSV: STA net not found. orig='rof1_0__core/fe/icache_1/read_mux_butterfly.data_i\[473\]_TSV_0_1_DN' try0='rof1_0__core/fe/icache_1/read_mux_butterfly.data_i[473]' try1='read_mux_butterfly.data_i[473]' top='top'
[INFO GPL3D-0000] overlayTSV: [default max] net me/network/data_resp_channel/_04782_ add C = 20.000 fF
[INFO GPL3D-0000] overlayTSV: [default max] net me/network/data_resp_channel/_04788_ add C = 20.000 fF
[INFO GPL3D-0000] overlayTSV: [default max] net me/network/data_resp_channel/_04811_ add C = 20.000 fF
[INFO GPL3D-0000] overlayTSV: [default max] net me/network/data_resp_channel/_04838_ add C = 20.000 fF
[INFO GPL3D-0000] overlayTSV: [default max] net me/network/data_resp_channel/_04845_ add C = 20.000 fF
[INFO GPL3D-0000] overlayTSV: [default max] net me/network/data_resp_channel/_04885_ add C = 20.000 fF
[INFO GPL3D-0000] overlayTSV: [default max] net me/network/data_resp_channel/_04901_ add C = 20.000 fF
[INFO GPL3D-0000] overlayTSV: [default max] net me/network/data_resp_channel/_04902_ add C = 20.000 fF
[WARNING GPL3D-0000] overlayTSV: STA net not found. orig='rof1_0__core/fe/icache_1/write_mux_butterfly.data_o\[391\]_TSV_0_1_DN' try0='rof1_0__core/fe/icache_1/write_mux_butterfly.data_o[391]' try1='write_mux_butterfly.data_o[391]' top='top'
[WARNING GPL3D-0000] overlayTSV: STA net not found. orig='lce_cmd\[14\]_TSV_0_1_DN' try0='lce_cmd[14]' try1='top/lce_cmd[14]' top='top'
[INFO GPL3D-0000] overlayTSV: [default max] net me/network/data_resp_channel/_04964_ add C = 20.000 fF
[INFO GPL3D-0000] overlayTSV: [default max] net me/genblk1_0__bp_cce_top/_04408_ add C = 20.000 fF
[INFO GPL3D-0000] overlayTSV: [default max] net rof1_0__core/_01506_ add C = 20.000 fF
[INFO GPL3D-0000] overlayTSV: [default max] net me/network/data_resp_channel/_01504_ add C = 20.000 fF
[INFO GPL3D-0000] overlayTSV: [default max] net me/network/data_resp_channel/_05063_ add C = 20.000 fF
[WARNING GPL3D-0000] overlayTSV: STA net not found. orig='rof1_0__core/fe/icache_1/write_mux_butterfly.data_o\[427\]_TSV_0_1_DN' try0='rof1_0__core/fe/icache_1/write_mux_butterfly.data_o[427]' try1='write_mux_butterfly.data_o[427]' top='top'
[WARNING GPL3D-0000] overlayTSV: STA net not found. orig='rof1_0__core/fe/icache_1/write_mux_butterfly.data_o\[441\]_TSV_0_1_DN' try0='rof1_0__core/fe/icache_1/write_mux_butterfly.data_o[441]' try1='write_mux_butterfly.data_o[441]' top='top'
[INFO GPL3D-0000] overlayTSV: [default max] net me/network/data_resp_channel/_05219_ add C = 20.000 fF
[INFO GPL3D-0000] overlayTSV: [default max] net me/network/data_resp_channel/_05230_ add C = 20.000 fF
[INFO GPL3D-0000] overlayTSV: [default max] net me/network/data_resp_channel/_05241_ add C = 20.000 fF
[INFO GPL3D-0000] overlayTSV: [default max] net me/network/data_resp_channel/_05266_ add C = 20.000 fF
[WARNING GPL3D-0000] overlayTSV: STA net not found. orig='rof1_0__core/fe/icache_1/write_mux_butterfly.data_o\[62\]_TSV_0_1_DN' try0='rof1_0__core/fe/icache_1/write_mux_butterfly.data_o[62]' try1='write_mux_butterfly.data_o[62]' top='top'
[INFO GPL3D-0000] overlayTSV: [default max] net me/network/data_resp_channel/_05290_ add C = 20.000 fF
[WARNING GPL3D-0000] overlayTSV: STA net not found. orig='rof1_0__core/fe/icache_1/write_mux_butterfly.data_o\[69\]_TSV_0_1_DN' try0='rof1_0__core/fe/icache_1/write_mux_butterfly.data_o[69]' try1='write_mux_butterfly.data_o[69]' top='top'
[INFO GPL3D-0000] overlayTSV: [default max] net me/network/data_resp_channel/_05308_ add C = 20.000 fF
[WARNING GPL3D-0000] overlayTSV: STA net not found. orig='rof1_0__core/fe/icache_1/write_mux_butterfly.data_o\[75\]_TSV_0_1_DN' try0='rof1_0__core/fe/icache_1/write_mux_butterfly.data_o[75]' try1='write_mux_butterfly.data_o[75]' top='top'
[INFO GPL3D-0000] overlayTSV: [default max] net me/network/data_resp_channel/_05330_ add C = 20.000 fF
[INFO GPL3D-0000] overlayTSV: [default max] net me/network/data_resp_channel/_05346_ add C = 20.000 fF
[INFO GPL3D-0000] overlayTSV: [default max] net me/network/data_resp_channel/_05363_ add C = 20.000 fF
[WARNING GPL3D-0000] overlayTSV: STA net not found. orig='lce_cmd\[33\]_TSV_0_1_DN' try0='lce_cmd[33]' try1='top/lce_cmd[33]' top='top'
[INFO GPL3D-0000] overlayTSV: [default max] net me/genblk1_0__bp_cce_top/_11031_ add C = 20.000 fF
[INFO GPL3D-0000] overlayTSV: [default max] net me/network/data_resp_channel/_05386_ add C = 20.000 fF
[INFO GPL3D-0000] overlayTSV: [default max] net me/network/data_resp_channel/_05451_ add C = 20.000 fF
[INFO GPL3D-0000] overlayTSV: [default max] net me/network/data_resp_channel/_02126_ add C = 20.000 fF
[INFO GPL3D-0000] overlayTSV: [default max] net me/network/data_resp_channel/_05505_ add C = 20.000 fF
[INFO GPL3D-0000] overlayTSV: [default max] net me/genblk1_0__bp_cce_top/_12242_ add C = 20.000 fF
[INFO GPL3D-0000] overlayTSV: [default max] net me/genblk1_0__bp_cce_top/_12268_ add C = 20.000 fF
[INFO GPL3D-0000] overlayTSV: [default max] net me/network/data_resp_channel/_05611_ add C = 20.000 fF
[INFO GPL3D-0000] overlayTSV: [default max] net me/network/data_resp_channel/_05653_ add C = 20.000 fF
[INFO GPL3D-0000] overlayTSV: [default max] net me/network/data_resp_channel/_05669_ add C = 20.000 fF
[INFO GPL3D-0000] overlayTSV: [default max] net me/network/data_resp_channel/_05677_ add C = 20.000 fF
[INFO GPL3D-0000] overlayTSV: [default max] net me/network/data_resp_channel/_05730_ add C = 20.000 fF
[INFO GPL3D-0000] overlayTSV: [default max] net me/network/data_resp_channel/_05736_ add C = 20.000 fF
[INFO GPL3D-0000] overlayTSV: [default max] net me/network/data_resp_channel/_05748_ add C = 20.000 fF
[INFO GPL3D-0000] overlayTSV: [default max] net me/network/data_resp_channel/_02407_ add C = 20.000 fF
[INFO GPL3D-0000] overlayTSV: [default max] net me/network/data_resp_channel/_05866_ add C = 20.000 fF
[INFO GPL3D-0000] overlayTSV: [default max] net me/genblk1_0__bp_cce_top/_12574_ add C = 20.000 fF
[INFO GPL3D-0000] overlayTSV: [default max] net me/genblk1_0__bp_cce_top/_12599_ add C = 20.000 fF
[INFO GPL3D-0000] overlayTSV: [default max] net me/network/data_resp_channel/_05987_ add C = 20.000 fF
[INFO GPL3D-0000] overlayTSV: [default max] net me/network/data_resp_channel/_06088_ add C = 20.000 fF
[WARNING GPL3D-0000] overlayTSV: STA net not found. orig='me/genblk1_0__bp_cce_top/cce_mem_cmd_fifo.data_i\[10\]_TSV_0_1_DN' try0='me/genblk1_0__bp_cce_top/cce_mem_cmd_fifo.data_i[10]' try1='cce_mem_cmd_fifo.data_i[10]' top='top'
[INFO GPL3D-0000] overlayTSV: [default max] net me/network/data_resp_channel/_06111_ add C = 20.000 fF
[INFO GPL3D-0000] overlayTSV: [default max] net me/network/data_resp_channel/_06118_ add C = 20.000 fF
[INFO GPL3D-0000] overlayTSV: [default max] net me/network/data_resp_channel/_06141_ add C = 20.000 fF
[INFO GPL3D-0000] overlayTSV: [default max] net me/network/data_cmd_channel/_05074_ add C = 20.000 fF
[INFO GPL3D-0000] overlayTSV: [default max] net me/network/data_resp_channel/_06235_ add C = 20.000 fF
[INFO GPL3D-0000] overlayTSV: [default max] net me/network/data_resp_channel/_06238_ add C = 20.000 fF
[INFO GPL3D-0000] overlayTSV: [default max] net me/network/data_resp_channel/_06250_ add C = 20.000 fF
[INFO GPL3D-0000] overlayTSV: [default max] net me/network/data_cmd_channel/_09083_ add C = 20.000 fF
[INFO GPL3D-0000] overlayTSV: [default max] net me/network/data_resp_channel/_02786_ add C = 20.000 fF
[INFO GPL3D-0000] overlayTSV: [default max] net me/genblk1_0__bp_cce_top/bp_cce/_06500_ add C = 20.000 fF
[INFO GPL3D-0000] overlayTSV: [default max] net rof1_0__core/fe/icache_1/_09237_ add C = 20.000 fF
[INFO GPL3D-0000] overlayTSV: [default max] net me/network/data_cmd_channel/_06404_ add C = 20.000 fF
[INFO GPL3D-0000] overlayTSV: [default max] net me/network/data_cmd_channel/_10933_ add C = 20.000 fF
[WARNING GPL3D-0000] overlayTSV: STA net not found. orig='me/lce_data_cmd_o_from_cce\[126\]_TSV_0_1_DN' try0='me/lce_data_cmd_o_from_cce[126]' try1='lce_data_cmd_o_from_cce[126]' top='top'
[WARNING GPL3D-0000] overlayTSV: STA net not found. orig='me/lce_cmd_o_from_cce\[18\]_TSV_0_1_DN' try0='me/lce_cmd_o_from_cce[18]' try1='lce_cmd_o_from_cce[18]' top='top'
[INFO GPL3D-0000] overlayTSV: [default max] net me/genblk1_0__bp_cce_top/bp_cce/_03344_ add C = 20.000 fF
[INFO GPL3D-0000] overlayTSV: [default max] net me/genblk1_0__bp_cce_top/bp_cce/_03347_ add C = 20.000 fF
[INFO GPL3D-0000] overlayTSV: [default max] net me/genblk1_0__bp_cce_top/_07891_ add C = 20.000 fF
[WARNING GPL3D-0000] overlayTSV: STA net not found. orig='me/lce_cmd_o_from_cce\[15\]_TSV_0_1_DN' try0='me/lce_cmd_o_from_cce[15]' try1='lce_cmd_o_from_cce[15]' top='top'
[INFO GPL3D-0000] overlayTSV: [default max] net me/genblk1_0__bp_cce_top/bp_cce/_03561_ add C = 20.000 fF
[INFO GPL3D-0000] overlayTSV: [default max] net me/genblk1_0__bp_cce_top/_15046_ add C = 20.000 fF
[INFO GPL3D-0000] overlayTSV: [default max] net me/network/data_resp_channel/_04874_ add C = 20.000 fF
[INFO GPL3D-0000] overlayTSV: [default max] net me/network/data_resp_channel/_04926_ add C = 20.000 fF
[WARNING GPL3D-0000] overlayTSV: STA net not found. orig='me/lce_data_cmd_o_from_cce\[38\]_TSV_0_1_DN' try0='me/lce_data_cmd_o_from_cce[38]' try1='lce_data_cmd_o_from_cce[38]' top='top'
[INFO GPL3D-0000] overlayTSV: [default max] net rof1_0__core/fe/bp_fe_pc_gen_1/genblk1_branch_prediction_1/btb_1/_2625_ add C = 20.000 fF
[INFO GPL3D-0000] overlayTSV: [default max] net me/genblk1_0__bp_cce_top/_15154_ add C = 20.000 fF
[INFO GPL3D-0000] overlayTSV: [default max] net me/network/data_resp_channel/_05053_ add C = 20.000 fF
[INFO GPL3D-0000] overlayTSV: [default max] net rof1_0__core/fe/bp_fe_pc_gen_1/genblk1_branch_prediction_1/btb_1/_2684_ add C = 20.000 fF
[INFO GPL3D-0000] overlayTSV: [default max] net me/network/data_resp_channel/_05193_ add C = 20.000 fF
[INFO GPL3D-0000] overlayTSV: [default max] net rof1_0__core/fe/icache_1/_03653_ add C = 20.000 fF
[WARNING GPL3D-0000] overlayTSV: STA net not found. orig='me/lce_data_cmd_o_from_cce\[451\]_TSV_0_1_DN' try0='me/lce_data_cmd_o_from_cce[451]' try1='lce_data_cmd_o_from_cce[451]' top='top'
[WARNING GPL3D-0000] overlayTSV: STA net not found. orig='me/lce_data_resp_i_to_cce\[415\]_TSV_0_1_DN' try0='me/lce_data_resp_i_to_cce[415]' try1='lce_data_resp_i_to_cce[415]' top='top'
[WARNING GPL3D-0000] overlayTSV: STA net not found. orig='me/lce_data_cmd_o_from_cce\[506\]_TSV_0_1_DN' try0='me/lce_data_cmd_o_from_cce[506]' try1='lce_data_cmd_o_from_cce[506]' top='top'
[INFO GPL3D-0000] overlayTSV: [default max] net rof1_0__core/fe/icache_1/_10812_ add C = 20.000 fF
[INFO GPL3D-0000] overlayTSV: [default max] net rof1_0__core/fe/icache_1/_10969_ add C = 20.000 fF
[INFO GPL3D-0000] overlayTSV: [default max] net me/genblk1_0__bp_cce_top/_15710_ add C = 20.000 fF
[INFO GPL3D-0000] overlayTSV: [default max] net me/network/lce_cce_req_network/_0775_ add C = 20.000 fF
[INFO GPL3D-0000] overlayTSV: [default max] net me/network/lce_cce_req_network/_0781_ add C = 20.000 fF
[INFO GPL3D-0000] overlayTSV: [default max] net me/network/lce_cce_req_network/_0783_ add C = 20.000 fF
[INFO GPL3D-0000] overlayTSV: [default max] net me/network/data_cmd_channel/_07966_ add C = 20.000 fF
[INFO GPL3D-0000] overlayTSV: [default max] net me/network/lce_cce_req_network/_0916_ add C = 20.000 fF
[INFO GPL3D-0000] overlayTSV: [default max] net me/network/data_resp_channel/_05620_ add C = 20.000 fF
[INFO GPL3D-0000] overlayTSV: [default max] net me/network/data_resp_channel/_02266_ add C = 20.000 fF
[INFO GPL3D-0000] overlayTSV: [default max] net me/network/lce_cce_req_network/_0937_ add C = 20.000 fF
[INFO GPL3D-0000] overlayTSV: [default max] net me/network/lce_cce_req_network/_0941_ add C = 20.000 fF
[INFO GPL3D-0000] overlayTSV: [default max] net me/network/data_cmd_channel/_08203_ add C = 20.000 fF
[INFO GPL3D-0000] overlayTSV: [default max] net me/network/lce_cce_req_network/_1080_ add C = 20.000 fF
[INFO GPL3D-0000] overlayTSV: [default max] net me/network/lce_cce_req_network/_1094_ add C = 20.000 fF
[INFO GPL3D-0000] overlayTSV: [default max] net me/network/lce_cce_req_network/_1102_ add C = 20.000 fF
[INFO GPL3D-0000] overlayTSV: [default max] net me/network/lce_cce_req_network/_1103_ add C = 20.000 fF
[INFO GPL3D-0000] overlayTSV: [default max] net me/genblk1_0__bp_cce_top/_16077_ add C = 20.000 fF
[INFO GPL3D-0000] overlayTSV: [default max] net me/network/lce_cce_req_network/_1109_ add C = 20.000 fF
[INFO GPL3D-0000] overlayTSV: [default max] net me/genblk1_0__bp_cce_top/_09152_ add C = 20.000 fF
[INFO GPL3D-0000] overlayTSV: [default max] net me/network/lce_cce_req_network/_1152_ add C = 20.000 fF
[INFO GPL3D-0000] overlayTSV: [default max] net me/genblk1_0__bp_cce_top/_16127_ add C = 20.000 fF
[INFO GPL3D-0000] overlayTSV: [default max] net me/network/lce_cce_req_network/_1203_ add C = 20.000 fF
[INFO GPL3D-0000] overlayTSV: [default max] net me/network/lce_cce_req_network/_1249_ add C = 20.000 fF
[INFO GPL3D-0000] overlayTSV: [default max] net me/genblk1_0__bp_cce_top/_16270_ add C = 20.000 fF
[INFO GPL3D-0000] overlayTSV: [default max] net me/genblk1_0__bp_cce_top/_09507_ add C = 20.000 fF
[WARNING GPL3D-0000] overlayTSV: STA net not found. orig='me/genblk1_0__bp_cce_top/cce_mem_cmd_fifo.data_i\[24\]_TSV_0_1_DN' try0='me/genblk1_0__bp_cce_top/cce_mem_cmd_fifo.data_i[24]' try1='cce_mem_cmd_fifo.data_i[24]' top='top'
[INFO GPL3D-0000] overlayTSV: [default max] net me/network/lce_cce_req_network/_1316_ add C = 20.000 fF
[INFO GPL3D-0000] overlayTSV: [default max] net me/network/data_resp_channel/_02635_ add C = 20.000 fF
[INFO GPL3D-0000] overlayTSV: [default max] net me/network/data_cmd_channel/_08945_ add C = 20.000 fF
[INFO GPL3D-0000] overlayTSV: [default max] net me/genblk1_0__bp_cce_top/_06322_ add C = 20.000 fF
[INFO GPL3D-0000] overlayTSV: [default max] net me/network/data_resp_channel/_03039_ add C = 20.000 fF
[INFO GPL3D-0000] overlayTSV: [default max] net me/genblk1_0__bp_cce_top/_09790_ add C = 20.000 fF
[INFO GPL3D-0000] overlayTSV: [default max] net me/genblk1_0__bp_cce_top/_17041_ add C = 20.000 fF
[INFO GPL3D-0000] overlayTSV: [default max] net me/genblk1_0__bp_cce_top/_17050_ add C = 20.000 fF
[INFO GPL3D-0000] overlayTSV: [default max] net me/genblk1_0__bp_cce_top/_09814_ add C = 20.000 fF
[INFO GPL3D-0000] overlayTSV: [default max] net me/network/lce_cce_req_network/rof_0__fi2_efi3_coherence_network_channel_node.bmr.mux_data_proc.N91 add C = 20.000 fF
[WARNING GPL3D-0000] overlayTSV: STA net not found. orig='rof1_0__core/fe/pc_gen_icache\[15\]_TSV_0_1_DN' try0='rof1_0__core/fe/pc_gen_icache[15]' try1='pc_gen_icache[15]' top='top'
[INFO GPL3D-0000] overlayTSV: [default max] net rof1_0__core/fe/icache_1/_05852_ add C = 20.000 fF
[INFO GPL3D-0000] overlayTSV: [default max] net me/network/data_resp_channel/_03164_ add C = 20.000 fF
[INFO GPL3D-0000] overlayTSV: [default max] net me/genblk1_0__bp_cce_top/_16995_ add C = 20.000 fF
[INFO GPL3D-0000] overlayTSV: [default max] net rof1_0__core/_03666_ add C = 20.000 fF
[INFO GPL3D-0000] overlayTSV: [default max] net me/network/data_resp_channel/_03181_ add C = 20.000 fF
[INFO GPL3D-0000] overlayTSV: [default max] net me/genblk1_0__bp_cce_top/_17056_ add C = 20.000 fF
[INFO GPL3D-0000] overlayTSV: [default max] net rof1_0__core/fe/icache_1/_06148_ add C = 20.000 fF
[INFO GPL3D-0000] overlayTSV: [default max] net me/genblk1_0__bp_cce_top/_10301_ add C = 20.000 fF
[WARNING GPL3D-0000] overlayTSV: STA net not found. orig='me/genblk1_0__bp_cce_top/mem_cce_data_resp_fifo.data_o\[525\]_TSV_0_1_DN' try0='me/genblk1_0__bp_cce_top/mem_cce_data_resp_fifo.data_o[525]' try1='mem_cce_data_resp_fifo.data_o[525]' top='top'
[INFO GPL3D-0000] overlayTSV: [default max] net me/network/lce_cce_req_network/rof_1__efi2_fi7_coherence_network_channel_node.rof_4__fi_twofer.N15 add C = 20.000 fF
[INFO GPL3D-0000] overlayTSV: [default max] net me/genblk1_0__bp_cce_top/bp_cce/_06335_ add C = 20.000 fF
[WARNING GPL3D-0000] overlayTSV: STA net not found. orig='rof1_0__core/fe/icache_1/read_mux_butterfly.data_i\[504\]_TSV_0_1_DN' try0='rof1_0__core/fe/icache_1/read_mux_butterfly.data_i[504]' try1='read_mux_butterfly.data_i[504]' top='top'
[WARNING GPL3D-0000] overlayTSV: STA net not found. orig='rof1_0__core/fe/icache_1/write_mux_butterfly.data_o\[136\]_TSV_0_1_DN' try0='rof1_0__core/fe/icache_1/write_mux_butterfly.data_o[136]' try1='write_mux_butterfly.data_o[136]' top='top'
[INFO GPL3D-0000] overlayTSV: [default max] net me/genblk1_0__bp_cce_top/_10591_ add C = 20.000 fF
[INFO GPL3D-0000] overlayTSV: [default max] net me/genblk1_0__bp_cce_top/_17045_ add C = 20.000 fF
[INFO GPL3D-0000] overlayTSV: [default max] net me/genblk1_0__bp_cce_top/_10621_ add C = 20.000 fF
[INFO GPL3D-0000] overlayTSV: [default max] net me/network/data_cmd_channel/_10545_ add C = 20.000 fF
[INFO GPL3D-0000] overlayTSV: [default max] net me/genblk1_0__bp_cce_top/bp_cce/_06436_ add C = 20.000 fF
[WARNING GPL3D-0000] overlayTSV: STA net not found. orig='rof1_0__core/fe/icache_1/read_mux_butterfly.data_i\[206\]_TSV_0_1_DN' try0='rof1_0__core/fe/icache_1/read_mux_butterfly.data_i[206]' try1='read_mux_butterfly.data_i[206]' top='top'
[WARNING GPL3D-0000] overlayTSV: STA net not found. orig='rof1_0__core/fe/icache_1/tag_tv_r\[20\]_TSV_0_1_DN' try0='rof1_0__core/fe/icache_1/tag_tv_r[20]' try1='tag_tv_r[20]' top='top'
[INFO GPL3D-0000] overlayTSV: [default max] net me/network/data_cmd_channel/_10654_ add C = 20.000 fF
[WARNING GPL3D-0000] overlayTSV: STA net not found. orig='rof1_0__core/fe/icache_1/read_mux_butterfly.data_i\[220\]_TSV_0_1_DN' try0='rof1_0__core/fe/icache_1/read_mux_butterfly.data_i[220]' try1='read_mux_butterfly.data_i[220]' top='top'
[INFO GPL3D-0000] overlayTSV: [default max] net me/genblk1_0__bp_cce_top/_10759_ add C = 20.000 fF
[INFO GPL3D-0000] overlayTSV: [default max] net me/network/data_cmd_channel/_10674_ add C = 20.000 fF
[INFO GPL3D-0000] overlayTSV: [default max] net me/genblk1_0__bp_cce_top/bp_cce/_03010_ add C = 20.000 fF
[WARNING GPL3D-0000] overlayTSV: STA net not found. orig='rof1_0__core/fe/icache_1/write_mux_butterfly.data_o\[115\]_TSV_0_1_DN' try0='rof1_0__core/fe/icache_1/write_mux_butterfly.data_o[115]' try1='write_mux_butterfly.data_o[115]' top='top'
[WARNING GPL3D-0000] overlayTSV: STA net not found. orig='rof1_0__core/fe/icache_1/write_mux_butterfly.data_o\[133\]_TSV_0_1_DN' try0='rof1_0__core/fe/icache_1/write_mux_butterfly.data_o[133]' try1='write_mux_butterfly.data_o[133]' top='top'
[INFO GPL3D-0000] overlayTSV: [default max] net me/genblk1_0__bp_cce_top/bp_cce/_06661_ add C = 20.000 fF
[INFO GPL3D-0000] overlayTSV: [default max] net me/genblk1_0__bp_cce_top/bp_cce/_06355_ add C = 20.000 fF
[INFO GPL3D-0000] overlayTSV: [default max] net me/network/data_resp_channel/_03123_ add C = 20.000 fF
[WARNING GPL3D-0000] overlayTSV: STA net not found. orig='rof1_0__core/fe/icache_1/write_mux_butterfly.data_o\[258\]_TSV_0_1_DN' try0='rof1_0__core/fe/icache_1/write_mux_butterfly.data_o[258]' try1='write_mux_butterfly.data_o[258]' top='top'
[INFO GPL3D-0000] overlayTSV: [default max] net me/network/_0743_ add C = 20.000 fF
[WARNING GPL3D-0000] overlayTSV: STA net not found. orig='rof1_0__core/fe/icache_1/read_mux_butterfly.data_i\[359\]_TSV_0_1_DN' try0='rof1_0__core/fe/icache_1/read_mux_butterfly.data_i[359]' try1='read_mux_butterfly.data_i[359]' top='top'
[WARNING GPL3D-0000] overlayTSV: STA net not found. orig='rof1_0__core/fe/icache_1/read_mux_butterfly.data_i\[360\]_TSV_0_1_DN' try0='rof1_0__core/fe/icache_1/read_mux_butterfly.data_i[360]' try1='read_mux_butterfly.data_i[360]' top='top'
[INFO GPL3D-0000] overlayTSV: [default max] net me/network/data_cmd_channel/_10660_ add C = 20.000 fF
[INFO GPL3D-0000] overlayTSV: [default max] net me/network/data_resp_channel/_04666_ add C = 20.000 fF
[INFO GPL3D-0000] overlayTSV: [default max] net me/genblk1_0__bp_cce_top/_03997_ add C = 20.000 fF
[WARNING GPL3D-0000] overlayTSV: STA net not found. orig='rof1_0__core/fe/icache_1/write_mux_butterfly.data_o\[271\]_TSV_0_1_DN' try0='rof1_0__core/fe/icache_1/write_mux_butterfly.data_o[271]' try1='write_mux_butterfly.data_o[271]' top='top'
[WARNING GPL3D-0000] overlayTSV: STA net not found. orig='rof1_0__core/fe/icache_1/write_mux_butterfly.data_o\[275\]_TSV_0_1_DN' try0='rof1_0__core/fe/icache_1/write_mux_butterfly.data_o[275]' try1='write_mux_butterfly.data_o[275]' top='top'
[WARNING GPL3D-0000] overlayTSV: STA net not found. orig='rof1_0__core/fe/icache_1/write_mux_butterfly.data_o\[279\]_TSV_0_1_DN' try0='rof1_0__core/fe/icache_1/write_mux_butterfly.data_o[279]' try1='write_mux_butterfly.data_o[279]' top='top'
[WARNING GPL3D-0000] overlayTSV: STA net not found. orig='rof1_0__core/fe/icache_1/read_mux_butterfly.data_i\[464\]_TSV_0_1_DN' try0='rof1_0__core/fe/icache_1/read_mux_butterfly.data_i[464]' try1='read_mux_butterfly.data_i[464]' top='top'
[WARNING GPL3D-0000] overlayTSV: STA net not found. orig='rof1_0__core/fe/icache_1/write_mux_butterfly.data_o\[282\]_TSV_0_1_DN' try0='rof1_0__core/fe/icache_1/write_mux_butterfly.data_o[282]' try1='write_mux_butterfly.data_o[282]' top='top'
[WARNING GPL3D-0000] overlayTSV: STA net not found. orig='rof1_0__core/fe/icache_1/write_mux_butterfly.data_o\[286\]_TSV_0_1_DN' try0='rof1_0__core/fe/icache_1/write_mux_butterfly.data_o[286]' try1='write_mux_butterfly.data_o[286]' top='top'
[INFO GPL3D-0000] overlayTSV: [default max] net me/genblk1_0__bp_cce_top/_04123_ add C = 20.000 fF
[WARNING GPL3D-0000] overlayTSV: STA net not found. orig='rof1_0__core/fe/icache_1/read_mux_butterfly.data_i\[486\]_TSV_0_1_DN' try0='rof1_0__core/fe/icache_1/read_mux_butterfly.data_i[486]' try1='read_mux_butterfly.data_i[486]' top='top'
[INFO GPL3D-0000] overlayTSV: [default max] net rof1_0__core/_01311_ add C = 20.000 fF
[INFO GPL3D-0000] overlayTSV: [default max] net rof1_0__core/_01312_ add C = 20.000 fF
[INFO GPL3D-0000] overlayTSV: [default max] net me/network/data_resp_channel/_04863_ add C = 20.000 fF
[INFO GPL3D-0000] overlayTSV: [default max] net rof1_0__core/_01326_ add C = 20.000 fF
[INFO GPL3D-0000] overlayTSV: [default max] net rof1_0__core/_01330_ add C = 20.000 fF
[INFO GPL3D-0000] overlayTSV: [default max] net rof1_0__core/_01335_ add C = 20.000 fF
[INFO GPL3D-0000] overlayTSV: [default max] net rof1_0__core/_01339_ add C = 20.000 fF
[INFO GPL3D-0000] overlayTSV: [default max] net rof1_0__core/_01344_ add C = 20.000 fF
[INFO GPL3D-0000] overlayTSV: [default max] net me/genblk1_0__bp_cce_top/_11461_ add C = 20.000 fF
[WARNING GPL3D-0000] overlayTSV: STA net not found. orig='rof1_0__core/fe/icache_1/write_mux_butterfly.data_o\[31\]_TSV_0_1_DN' try0='rof1_0__core/fe/icache_1/write_mux_butterfly.data_o[31]' try1='write_mux_butterfly.data_o[31]' top='top'
[INFO GPL3D-0000] overlayTSV: [default max] net rof1_0__core/_01354_ add C = 20.000 fF
[INFO GPL3D-0000] overlayTSV: [default max] net rof1_0__core/_01364_ add C = 20.000 fF
[INFO GPL3D-0000] overlayTSV: [default max] net rof1_0__core/_01368_ add C = 20.000 fF
[INFO GPL3D-0000] overlayTSV: [default max] net rof1_0__core/_01369_ add C = 20.000 fF
[INFO GPL3D-0000] overlayTSV: [default max] net rof1_0__core/_01377_ add C = 20.000 fF
[INFO GPL3D-0000] overlayTSV: [default max] net rof1_0__core/_01382_ add C = 20.000 fF
[INFO GPL3D-0000] overlayTSV: [default max] net rof1_0__core/_01385_ add C = 20.000 fF
[INFO GPL3D-0000] overlayTSV: [default max] net rof1_0__core/_01386_ add C = 20.000 fF
[INFO GPL3D-0000] overlayTSV: [default max] net rof1_0__core/_01392_ add C = 20.000 fF
[INFO GPL3D-0000] overlayTSV: [default max] net rof1_0__core/_01393_ add C = 20.000 fF
[INFO GPL3D-0000] overlayTSV: [default max] net me/genblk1_0__bp_cce_top/_15272_ add C = 20.000 fF
[INFO GPL3D-0000] overlayTSV: [default max] net rof1_0__core/_01418_ add C = 20.000 fF
[INFO GPL3D-0000] overlayTSV: [default max] net rof1_0__core/_01437_ add C = 20.000 fF
[INFO GPL3D-0000] overlayTSV: [default max] net rof1_0__core/_01456_ add C = 20.000 fF
[INFO GPL3D-0000] overlayTSV: [default max] net me/network/data_cmd_channel/_04140_ add C = 20.000 fF
[INFO GPL3D-0000] overlayTSV: [default max] net rof1_0__core/_01492_ add C = 20.000 fF
[WARNING GPL3D-0000] overlayTSV: STA net not found. orig='me/genblk1_0__bp_cce_top/lce_cce_data_resp_fifo.data_o\[530\]_TSV_0_1_DN' try0='me/genblk1_0__bp_cce_top/lce_cce_data_resp_fifo.data_o[530]' try1='lce_cce_data_resp_fifo.data_o[530]' top='top'
[WARNING GPL3D-0000] overlayTSV: STA net not found. orig='rof1_0__core/fe/icache_1/write_mux_butterfly.data_o\[40\]_TSV_0_1_DN' try0='rof1_0__core/fe/icache_1/write_mux_butterfly.data_o[40]' try1='write_mux_butterfly.data_o[40]' top='top'
[INFO GPL3D-0000] overlayTSV: [default max] net me/network/data_cmd_channel/_04191_ add C = 20.000 fF
[INFO GPL3D-0000] overlayTSV: [default max] net me/network/data_cmd_channel/_04192_ add C = 20.000 fF
[INFO GPL3D-0000] overlayTSV: [default max] net rof1_0__core/_01550_ add C = 20.000 fF
[INFO GPL3D-0000] overlayTSV: [default max] net rof1_0__core/_01560_ add C = 20.000 fF
[INFO GPL3D-0000] overlayTSV: [default max] net rof1_0__core/_01636_ add C = 20.000 fF
[INFO GPL3D-0000] overlayTSV: [default max] net me/network/data_resp_channel/_05168_ add C = 20.000 fF
[INFO GPL3D-0000] overlayTSV: [default max] net me/genblk1_0__bp_cce_top/_15540_ add C = 20.000 fF
[INFO GPL3D-0000] overlayTSV: [default max] net me/network/data_cmd_channel/_04331_ add C = 20.000 fF
[INFO GPL3D-0000] overlayTSV: [default max] net rof1_0__core/_01732_ add C = 20.000 fF
[INFO GPL3D-0000] overlayTSV: [default max] net me/genblk1_0__bp_cce_top/bp_cce/_00196_ add C = 20.000 fF
[INFO GPL3D-0000] overlayTSV: [default max] net rof1_0__core/_01779_ add C = 20.000 fF
[INFO GPL3D-0000] overlayTSV: [default max] net me/genblk1_0__bp_cce_top/_04695_ add C = 20.000 fF
[WARNING GPL3D-0000] overlayTSV: STA net not found. orig='rof1_0__core/fe/icache_1/write_mux_butterfly.data_o\[77\]_TSV_0_1_DN' try0='rof1_0__core/fe/icache_1/write_mux_butterfly.data_o[77]' try1='write_mux_butterfly.data_o[77]' top='top'
[INFO GPL3D-0000] overlayTSV: [default max] net rof1_0__core/_01823_ add C = 20.000 fF
[INFO GPL3D-0000] overlayTSV: [default max] net rof1_0__core/_01830_ add C = 20.000 fF
[INFO GPL3D-0000] overlayTSV: [default max] net me/network/data_cmd_channel/_04444_ add C = 20.000 fF
[INFO GPL3D-0000] overlayTSV: [default max] net rof1_0__core/_01920_ add C = 20.000 fF
[INFO GPL3D-0000] overlayTSV: [default max] net me/network/data_cmd_channel/_04451_ add C = 20.000 fF
[INFO GPL3D-0000] overlayTSV: [default max] net rof1_0__core/_01963_ add C = 20.000 fF
[WARNING GPL3D-0000] overlayTSV: STA net not found. orig='rof1_0__core/fe/icache_1/write_mux_butterfly.data_o\[92\]_TSV_0_1_DN' try0='rof1_0__core/fe/icache_1/write_mux_butterfly.data_o[92]' try1='write_mux_butterfly.data_o[92]' top='top'
[INFO GPL3D-0000] overlayTSV: [default max] net rof1_0__core/_01995_ add C = 20.000 fF
[INFO GPL3D-0000] overlayTSV: [default max] net me/network/data_cmd_channel/_04485_ add C = 20.000 fF
[INFO GPL3D-0000] overlayTSV: [default max] net me/network/data_cmd_channel/_04490_ add C = 20.000 fF
[INFO GPL3D-0000] overlayTSV: [default max] net me/network/data_cmd_channel/_08131_ add C = 20.000 fF
[INFO GPL3D-0000] overlayTSV: [default max] net rof1_0__core/_02030_ add C = 20.000 fF
[INFO GPL3D-0000] overlayTSV: [default max] net me/network/data_resp_channel/_02123_ add C = 20.000 fF
[INFO GPL3D-0000] overlayTSV: [default max] net me/genblk1_0__bp_cce_top/_12076_ add C = 20.000 fF
[INFO GPL3D-0000] overlayTSV: [default max] net me/network/data_cmd_channel/_08152_ add C = 20.000 fF
[INFO GPL3D-0000] overlayTSV: [default max] net me/genblk1_0__bp_cce_top/_04966_ add C = 20.000 fF
[INFO GPL3D-0000] overlayTSV: [default max] net me/network/data_resp_channel/_05563_ add C = 20.000 fF
[INFO GPL3D-0000] overlayTSV: [default max] net me/network/data_resp_channel/_02220_ add C = 20.000 fF
[INFO GPL3D-0000] overlayTSV: [default max] net rof1_0__core/_02194_ add C = 20.000 fF
[INFO GPL3D-0000] overlayTSV: [default max] net me/network/data_resp_channel/_02257_ add C = 20.000 fF
[INFO GPL3D-0000] overlayTSV: [default max] net rof1_0__core/_02212_ add C = 20.000 fF
[INFO GPL3D-0000] overlayTSV: [default max] net me/network/data_cmd_channel/_04607_ add C = 20.000 fF
[INFO GPL3D-0000] overlayTSV: [default max] net rof1_0__core/_02242_ add C = 20.000 fF
[INFO GPL3D-0000] overlayTSV: [default max] net me/network/data_cmd_channel/_04614_ add C = 20.000 fF
[INFO GPL3D-0000] overlayTSV: [default max] net rof1_0__core/_02270_ add C = 20.000 fF
[INFO GPL3D-0000] overlayTSV: [default max] net rof1_0__core/_02311_ add C = 20.000 fF
[INFO GPL3D-0000] overlayTSV: [default max] net me/genblk1_0__bp_cce_top/_12290_ add C = 20.000 fF
[INFO GPL3D-0000] overlayTSV: [default max] net me/network/data_resp_channel/_06095_ add C = 20.000 fF
[INFO GPL3D-0000] overlayTSV: [default max] net rof1_0__core/_02440_ add C = 20.000 fF
[INFO GPL3D-0000] overlayTSV: [default max] net me/network/data_cmd_channel/_04716_ add C = 20.000 fF
[INFO GPL3D-0000] overlayTSV: [default max] net rof1_0__core/_02451_ add C = 20.000 fF
[INFO GPL3D-0000] overlayTSV: [default max] net me/network/lce_cce_req_network/_1107_ add C = 20.000 fF
[INFO GPL3D-0000] overlayTSV: [default max] net rof1_0__core/_02472_ add C = 20.000 fF
[INFO GPL3D-0000] overlayTSV: [default max] net me/network/data_resp_channel/_05724_ add C = 20.000 fF
[INFO GPL3D-0000] overlayTSV: [default max] net me/network/data_cmd_channel/_04738_ add C = 20.000 fF
[INFO GPL3D-0000] overlayTSV: [default max] net me/genblk1_0__bp_cce_top/_05347_ add C = 20.000 fF
[INFO GPL3D-0000] overlayTSV: [default max] net rof1_0__core/_02516_ add C = 20.000 fF
[INFO GPL3D-0000] overlayTSV: [default max] net me/network/data_cmd_channel/_04789_ add C = 20.000 fF
[INFO GPL3D-0000] overlayTSV: [default max] net rof1_0__core/_02563_ add C = 20.000 fF
[INFO GPL3D-0000] overlayTSV: [default max] net rof1_0__core/_02595_ add C = 20.000 fF
[INFO GPL3D-0000] overlayTSV: [default max] net me/genblk1_0__bp_cce_top/_12577_ add C = 20.000 fF
[INFO GPL3D-0000] overlayTSV: [default max] net me/network/lce_cce_req_network/_1280_ add C = 20.000 fF
[INFO GPL3D-0000] overlayTSV: [default max] net me/genblk1_0__bp_cce_top/_12602_ add C = 20.000 fF
[INFO GPL3D-0000] overlayTSV: [default max] net me/network/data_cmd_channel/_04914_ add C = 20.000 fF
[INFO GPL3D-0000] overlayTSV: [default max] net me/network/data_resp_channel/_02684_ add C = 20.000 fF
[INFO GPL3D-0000] overlayTSV: [default max] net me/genblk1_0__bp_cce_top/_04763_ add C = 20.000 fF
[INFO GPL3D-0000] overlayTSV: [default max] net rof1_0__core/_02869_ add C = 20.000 fF
[INFO GPL3D-0000] overlayTSV: [default max] net me/network/data_cmd_channel/_09034_ add C = 20.000 fF
[WARNING GPL3D-0000] overlayTSV: STA net not found. orig='me/genblk1_0__bp_cce_top/cce_mem_cmd_fifo.data_i\[15\]_TSV_0_1_DN' try0='me/genblk1_0__bp_cce_top/cce_mem_cmd_fifo.data_i[15]' try1='cce_mem_cmd_fifo.data_i[15]' top='top'
[INFO GPL3D-0000] overlayTSV: [default max] net rof1_0__core/_02945_ add C = 20.000 fF
[INFO GPL3D-0000] overlayTSV: [default max] net rof1_0__core/_03625_ add C = 20.000 fF
[INFO GPL3D-0000] overlayTSV: [default max] net me/network/data_cmd_channel/_05141_ add C = 20.000 fF
[INFO GPL3D-0000] overlayTSV: [default max] net rof1_0__core/_03086_ add C = 20.000 fF
[INFO GPL3D-0000] overlayTSV: [default max] net me/genblk1_0__bp_cce_top/_05886_ add C = 20.000 fF
[WARNING GPL3D-0000] overlayTSV: STA net not found. orig='rof1_0__core/fe/icache_pc_gen\[90\]_TSV_0_1_DN' try0='rof1_0__core/fe/icache_pc_gen[90]' try1='icache_pc_gen[90]' top='top'
[INFO GPL3D-0000] overlayTSV: [default max] net me/network/data_cmd_channel/_05199_ add C = 20.000 fF
[INFO GPL3D-0000] overlayTSV: [default max] net me/genblk1_0__bp_cce_top/bp_cce/_05879_ add C = 20.000 fF
[INFO GPL3D-0000] overlayTSV: [default max] net rof1_0__core/_03305_ add C = 20.000 fF
[INFO GPL3D-0000] overlayTSV: [default max] net me/genblk1_0__bp_cce_top/_13116_ add C = 20.000 fF
[INFO GPL3D-0000] overlayTSV: [default max] net me/genblk1_0__bp_cce_top/_06286_ add C = 20.000 fF
[INFO GPL3D-0000] overlayTSV: [default max] net rof1_0__core/fe/bp_fe_pc_gen_1/genblk1_branch_prediction_1/btb_1/_0516_ add C = 20.000 fF
[INFO GPL3D-0000] overlayTSV: [default max] net me/network/data_cmd_channel/_05330_ add C = 20.000 fF
[INFO GPL3D-0000] overlayTSV: [default max] net rof1_0__core/fe/icache_1/_02502_ add C = 20.000 fF
[INFO GPL3D-0000] overlayTSV: [default max] net rof1_0__core/_03377_ add C = 20.000 fF
[INFO GPL3D-0000] overlayTSV: [default max] net rof1_0__core/_03443_ add C = 20.000 fF
[INFO GPL3D-0000] overlayTSV: [default max] net rof1_0__core/_03445_ add C = 20.000 fF
[INFO GPL3D-0000] overlayTSV: [default max] net rof1_0__core/_03448_ add C = 20.000 fF
[INFO GPL3D-0000] overlayTSV: [default max] net rof1_0__core/_03479_ add C = 20.000 fF
[INFO GPL3D-0000] overlayTSV: [default max] net rof1_0__core/_03481_ add C = 20.000 fF
[INFO GPL3D-0000] overlayTSV: [default max] net rof1_0__core/_03488_ add C = 20.000 fF
[INFO GPL3D-0000] overlayTSV: [default max] net rof1_0__core/_03489_ add C = 20.000 fF
[INFO GPL3D-0000] overlayTSV: [default max] net rof1_0__core/_03498_ add C = 20.000 fF
[INFO GPL3D-0000] overlayTSV: [default max] net rof1_0__core/_03505_ add C = 20.000 fF
[INFO GPL3D-0000] overlayTSV: [default max] net rof1_0__core/_03509_ add C = 20.000 fF
[INFO GPL3D-0000] overlayTSV: [default max] net rof1_0__core/_03512_ add C = 20.000 fF
[INFO GPL3D-0000] overlayTSV: [default max] net rof1_0__core/_03516_ add C = 20.000 fF
[INFO GPL3D-0000] overlayTSV: [default max] net rof1_0__core/_03518_ add C = 20.000 fF
[INFO GPL3D-0000] overlayTSV: [default max] net rof1_0__core/_03520_ add C = 20.000 fF
[INFO GPL3D-0000] overlayTSV: [default max] net rof1_0__core/_03526_ add C = 20.000 fF
[INFO GPL3D-0000] overlayTSV: [default max] net me/network/data_resp_channel/_03202_ add C = 20.000 fF
[INFO GPL3D-0000] overlayTSV: [default max] net rof1_0__core/_03530_ add C = 20.000 fF
[INFO GPL3D-0000] overlayTSV: [default max] net me/network/data_cmd_channel/_05546_ add C = 20.000 fF
[INFO GPL3D-0000] overlayTSV: [default max] net me/genblk1_0__bp_cce_top/bp_cce/_02155_ add C = 20.000 fF
[INFO GPL3D-0000] overlayTSV: [default max] net me/genblk1_0__bp_cce_top/_10099_ add C = 20.000 fF
[INFO GPL3D-0000] overlayTSV: [default max] net rof1_0__core/_03560_ add C = 20.000 fF
[INFO GPL3D-0000] overlayTSV: [default max] net rof1_0__core/_03564_ add C = 20.000 fF
[INFO GPL3D-0000] overlayTSV: [default max] net me/network/data_cmd_channel/_05574_ add C = 20.000 fF
[INFO GPL3D-0000] overlayTSV: [default max] net me/network/data_cmd_channel/_09801_ add C = 20.000 fF
[INFO GPL3D-0000] overlayTSV: [default max] net rof1_0__core/_03569_ add C = 20.000 fF
[INFO GPL3D-0000] overlayTSV: [default max] net rof1_0__core/_03573_ add C = 20.000 fF
[WARNING GPL3D-0000] overlayTSV: STA net not found. orig='me/genblk1_0__bp_cce_top/cce_mem_data_cmd_fifo.data_i\[551\]_TSV_0_1_DN' try0='me/genblk1_0__bp_cce_top/cce_mem_data_cmd_fifo.data_i[551]' try1='cce_mem_data_cmd_fifo.data_i[551]' top='top'
[INFO GPL3D-0000] overlayTSV: [default max] net me/genblk1_0__bp_cce_top/bp_cce/_05982_ add C = 20.000 fF
[INFO GPL3D-0000] overlayTSV: [default max] net me/genblk1_0__bp_cce_top/_13437_ add C = 20.000 fF
[INFO GPL3D-0000] overlayTSV: [default max] net rof1_0__core/_03590_ add C = 20.000 fF
[INFO GPL3D-0000] overlayTSV: [default max] net rof1_0__core/_03593_ add C = 20.000 fF
[INFO GPL3D-0000] overlayTSV: [default max] net me/genblk1_0__bp_cce_top/_10276_ add C = 20.000 fF
[INFO GPL3D-0000] overlayTSV: [default max] net rof1_0__core/_03603_ add C = 20.000 fF
[INFO GPL3D-0000] overlayTSV: [default max] net rof1_0__core/_03631_ add C = 20.000 fF
[INFO GPL3D-0000] overlayTSV: [default max] net rof1_0__core/_03634_ add C = 20.000 fF
[INFO GPL3D-0000] overlayTSV: [default max] net rof1_0__core/_03645_ add C = 20.000 fF
[INFO GPL3D-0000] overlayTSV: [default max] net rof1_0__core/_03656_ add C = 20.000 fF
[INFO GPL3D-0000] overlayTSV: [default max] net rof1_0__core/_03678_ add C = 20.000 fF
[INFO GPL3D-0000] overlayTSV: [default max] net rof1_0__core/_03687_ add C = 20.000 fF
[INFO GPL3D-0000] overlayTSV: [default max] net rof1_0__core/_03690_ add C = 20.000 fF
[INFO GPL3D-0000] overlayTSV: [default max] net me/genblk1_0__bp_cce_top/bp_cce/_06228_ add C = 20.000 fF
[INFO GPL3D-0000] overlayTSV: [default max] net rof1_0__core/_03699_ add C = 20.000 fF
[INFO GPL3D-0000] overlayTSV: [default max] net rof1_0__core/_03709_ add C = 20.000 fF
[INFO GPL3D-0000] overlayTSV: [default max] net rof1_0__core/_03710_ add C = 20.000 fF
[INFO GPL3D-0000] overlayTSV: [default max] net rof1_0__core/_03724_ add C = 20.000 fF
[INFO GPL3D-0000] overlayTSV: [default max] net rof1_0__core/_03726_ add C = 20.000 fF
[INFO GPL3D-0000] overlayTSV: [default max] net rof1_0__core/_03734_ add C = 20.000 fF
[INFO GPL3D-0000] overlayTSV: [default max] net rof1_0__core/_03739_ add C = 20.000 fF
[INFO GPL3D-0000] overlayTSV: [default max] net me/genblk1_0__bp_cce_top/_06759_ add C = 20.000 fF
[INFO GPL3D-0000] overlayTSV: [default max] net rof1_0__core/_03762_ add C = 20.000 fF
[INFO GPL3D-0000] overlayTSV: [default max] net rof1_0__core/_03763_ add C = 20.000 fF
[INFO GPL3D-0000] overlayTSV: [default max] net rof1_0__core/_03767_ add C = 20.000 fF
[INFO GPL3D-0000] overlayTSV: [default max] net rof1_0__core/_03768_ add C = 20.000 fF
[INFO GPL3D-0000] overlayTSV: [default max] net rof1_0__core/_03783_ add C = 20.000 fF
[INFO GPL3D-0000] overlayTSV: [default max] net rof1_0__core/_03786_ add C = 20.000 fF
[INFO GPL3D-0000] overlayTSV: [default max] net rof1_0__core/_03799_ add C = 20.000 fF
[INFO GPL3D-0000] overlayTSV: [default max] net me/genblk1_0__bp_cce_top/_13878_ add C = 20.000 fF
[INFO GPL3D-0000] overlayTSV: [default max] net rof1_0__core/_03816_ add C = 20.000 fF
[INFO GPL3D-0000] overlayTSV: [default max] net rof1_0__core/_03818_ add C = 20.000 fF
[INFO GPL3D-0000] overlayTSV: [default max] net rof1_0__core/_03819_ add C = 20.000 fF
[INFO GPL3D-0000] overlayTSV: [default max] net rof1_0__core/_03827_ add C = 20.000 fF
[INFO GPL3D-0000] overlayTSV: [default max] net me/network/data_cmd_channel/_05962_ add C = 20.000 fF
[INFO GPL3D-0000] overlayTSV: [default max] net rof1_0__core/_03841_ add C = 20.000 fF
[INFO GPL3D-0000] overlayTSV: [default max] net rof1_0__core/_03885_ add C = 20.000 fF
[INFO GPL3D-0000] overlayTSV: [default max] net rof1_0__core/_03891_ add C = 20.000 fF
[INFO GPL3D-0000] overlayTSV: [default max] net me/network/data_cmd_channel/_06045_ add C = 20.000 fF
[INFO GPL3D-0000] overlayTSV: [default max] net rof1_0__core/_03914_ add C = 20.000 fF
[INFO GPL3D-0000] overlayTSV: [default max] net rof1_0__core/_03918_ add C = 20.000 fF
[INFO GPL3D-0000] overlayTSV: [default max] net rof1_0__core/_03941_ add C = 20.000 fF
[INFO GPL3D-0000] overlayTSV: [default max] net rof1_0__core/_03956_ add C = 20.000 fF
[INFO GPL3D-0000] overlayTSV: [default max] net rof1_0__core/_03976_ add C = 20.000 fF
[INFO GPL3D-0000] overlayTSV: [default max] net me/network/data_resp_channel/_04910_ add C = 20.000 fF
[INFO GPL3D-0000] overlayTSV: [default max] net rof1_0__core/fe/bp_fe_pc_gen_1/_2059_ add C = 20.000 fF
[INFO GPL3D-0000] overlayTSV: [default max] net me/genblk1_0__bp_cce_top/bp_cce/_03657_ add C = 20.000 fF
[INFO GPL3D-0000] overlayTSV: [default max] net rof1_0__core/_01389_ add C = 20.000 fF
[INFO GPL3D-0000] overlayTSV: [default max] net rof1_0__core/fe/bp_fe_pc_gen_1/genblk1_branch_prediction_1/btb_1/_2773_ add C = 20.000 fF
[INFO GPL3D-0000] overlayTSV: [default max] net me/genblk1_0__bp_cce_top/_15106_ add C = 20.000 fF
[WARNING GPL3D-0000] overlayTSV: STA net not found. orig='rof1_0__core/fe_cmd_fifo.data_o\[27\]_TSV_0_1_DN' try0='rof1_0__core/fe_cmd_fifo.data_o[27]' try1='fe_cmd_fifo.data_o[27]' top='top'
[WARNING GPL3D-0000] overlayTSV: STA net not found. orig='rof1_0__core/fe_cmd_fifo.data_o\[28\]_TSV_0_1_DN' try0='rof1_0__core/fe_cmd_fifo.data_o[28]' try1='fe_cmd_fifo.data_o[28]' top='top'
[WARNING GPL3D-0000] overlayTSV: STA net not found. orig='rof1_0__core/fe_cmd_fifo.data_o\[34\]_TSV_0_1_DN' try0='rof1_0__core/fe_cmd_fifo.data_o[34]' try1='fe_cmd_fifo.data_o[34]' top='top'
[WARNING GPL3D-0000] overlayTSV: STA net not found. orig='rof1_0__core/fe_cmd_fifo.data_o\[38\]_TSV_0_1_DN' try0='rof1_0__core/fe_cmd_fifo.data_o[38]' try1='fe_cmd_fifo.data_o[38]' top='top'
[WARNING GPL3D-0000] overlayTSV: STA net not found. orig='rof1_0__core/fe_cmd_fifo.data_o\[39\]_TSV_0_1_DN' try0='rof1_0__core/fe_cmd_fifo.data_o[39]' try1='fe_cmd_fifo.data_o[39]' top='top'
[INFO GPL3D-0000] overlayTSV: [default max] net me/network/data_resp_channel/_05096_ add C = 20.000 fF
[INFO GPL3D-0000] overlayTSV: [default max] net me/genblk1_0__bp_cce_top/_08364_ add C = 20.000 fF
[INFO GPL3D-0000] overlayTSV: [default max] net me/network/data_resp_channel/_05231_ add C = 20.000 fF
[INFO GPL3D-0000] overlayTSV: [default max] net me/network/lce_cce_req_network/_0620_ add C = 20.000 fF
[INFO GPL3D-0000] overlayTSV: [default max] net me/genblk1_0__bp_cce_top/_15222_ add C = 20.000 fF
[INFO GPL3D-0000] overlayTSV: [default max] net rof1_0__core/fe/bp_fe_pc_gen_1/genblk1_branch_prediction_1/btb_1/_2796_ add C = 20.000 fF
[INFO GPL3D-0000] overlayTSV: [default max] net rof1_0__core/fe/icache_1/_03735_ add C = 20.000 fF
[INFO GPL3D-0000] overlayTSV: [default max] net me/network/data_cmd_channel/_04432_ add C = 20.000 fF
[WARNING GPL3D-0000] overlayTSV: STA net not found. orig='me/lce_data_resp_i_to_cce\[473\]_TSV_0_1_DN' try0='me/lce_data_resp_i_to_cce[473]' try1='lce_data_resp_i_to_cce[473]' top='top'
[INFO GPL3D-0000] overlayTSV: [default max] net me/network/data_cmd_channel/_08052_ add C = 20.000 fF
[INFO GPL3D-0000] overlayTSV: [default max] net me/network/data_resp_channel/_05515_ add C = 20.000 fF
[INFO GPL3D-0000] overlayTSV: [default max] net me/genblk1_0__bp_cce_top/_08821_ add C = 20.000 fF
[INFO GPL3D-0000] overlayTSV: [default max] net me/genblk1_0__bp_cce_top/_08825_ add C = 20.000 fF
[WARNING GPL3D-0000] overlayTSV: STA net not found. orig='me/genblk1_0__bp_cce_top/lce_cce_data_resp_fifo.data_o\[408\]_TSV_0_1_DN' try0='me/genblk1_0__bp_cce_top/lce_cce_data_resp_fifo.data_o[408]' try1='lce_cce_data_resp_fifo.data_o[408]' top='top'
[WARNING GPL3D-0000] overlayTSV: STA net not found. orig='me/genblk1_0__bp_cce_top/lce_cce_data_resp_fifo.mem_1r1w.synth.mem\[470\]_TSV_0_1_DN' try0='me/genblk1_0__bp_cce_top/lce_cce_data_resp_fifo.mem_1r1w.synth.mem[470]' try1='lce_cce_data_resp_fifo.mem_1r1w.synth.mem[470]' top='top'
[INFO GPL3D-0000] overlayTSV: [default max] net me/genblk1_0__bp_cce_top/_09021_ add C = 20.000 fF
[INFO GPL3D-0000] overlayTSV: [default max] net me/network/data_resp_channel/_05984_ add C = 20.000 fF
[INFO GPL3D-0000] overlayTSV: [default max] net rof1_0__core/_02660_ add C = 20.000 fF
[INFO GPL3D-0000] overlayTSV: [default max] net me/genblk1_0__bp_cce_top/_09262_ add C = 20.000 fF
[INFO GPL3D-0000] overlayTSV: [default max] net me/network/lce_cce_req_network/_1232_ add C = 20.000 fF
[INFO GPL3D-0000] overlayTSV: [default max] net me/genblk1_0__bp_cce_top/_09263_ add C = 20.000 fF
[INFO GPL3D-0000] overlayTSV: [default max] net me/network/data_cmd_channel/_08960_ add C = 20.000 fF
[INFO GPL3D-0000] overlayTSV: [default max] net me/network/data_resp_channel/_02342_ add C = 20.000 fF
[INFO GPL3D-0000] overlayTSV: [default max] net me/network/data_resp_channel/_02665_ add C = 20.000 fF
[INFO GPL3D-0000] overlayTSV: [default max] net me/network/data_resp_channel/_02414_ add C = 20.000 fF
[INFO GPL3D-0000] overlayTSV: [default max] net me/network/data_resp_channel/_06229_ add C = 20.000 fF
[INFO GPL3D-0000] overlayTSV: [default max] net me/genblk1_0__bp_cce_top/_09482_ add C = 20.000 fF
[INFO GPL3D-0000] overlayTSV: [default max] net me/network/data_cmd_channel/_05181_ add C = 20.000 fF
[INFO GPL3D-0000] overlayTSV: [default max] net me/network/data_cmd_channel/_05316_ add C = 20.000 fF
[INFO GPL3D-0000] overlayTSV: [default max] net me/network/data_resp_channel/_02670_ add C = 20.000 fF
[WARNING GPL3D-0000] overlayTSV: STA net not found. orig='rof1_0__core/fe/icache_pc_gen\[8\]_TSV_0_1_DN' try0='rof1_0__core/fe/icache_pc_gen[8]' try1='icache_pc_gen[8]' top='top'
[INFO GPL3D-0000] overlayTSV: [default max] net me/network/data_cmd_channel/_05231_ add C = 20.000 fF
[INFO GPL3D-0000] overlayTSV: [default max] net rof1_0__core/_03565_ add C = 20.000 fF
[WARNING GPL3D-0000] overlayTSV: STA net not found. orig='me/genblk1_0__bp_cce_top/mem_cce_data_resp_fifo.data_o\[171\]_TSV_0_1_DN' try0='me/genblk1_0__bp_cce_top/mem_cce_data_resp_fifo.data_o[171]' try1='mem_cce_data_resp_fifo.data_o[171]' top='top'
[INFO GPL3D-0000] overlayTSV: [default max] net rof1_0__core/fe/_079_ add C = 20.000 fF
[INFO GPL3D-0000] overlayTSV: [default max] net me/genblk1_0__bp_cce_top/bp_cce/_05767_ add C = 20.000 fF
[INFO GPL3D-0000] overlayTSV: [default max] net rof1_0__core/fe/_083_ add C = 20.000 fF
[INFO GPL3D-0000] overlayTSV: [default max] net rof1_0__core/fe/_086_ add C = 20.000 fF
[INFO GPL3D-0000] overlayTSV: [default max] net rof1_0__core/fe/_088_ add C = 20.000 fF
[INFO GPL3D-0000] overlayTSV: [default max] net rof1_0__core/fe/fe_pc_gen_branch_metadata_fwd__35_ add C = 20.000 fF
[WARNING GPL3D-0000] overlayTSV: STA net not found. orig='rof1_0__core/fe/icache_pc_gen\[0\]_TSV_0_1_DN' try0='rof1_0__core/fe/icache_pc_gen[0]' try1='icache_pc_gen[0]' top='top'
[WARNING GPL3D-0000] overlayTSV: STA net not found. orig='rof1_0__core/fe/icache_pc_gen\[10\]_TSV_0_1_DN' try0='rof1_0__core/fe/icache_pc_gen[10]' try1='icache_pc_gen[10]' top='top'
[WARNING GPL3D-0000] overlayTSV: STA net not found. orig='rof1_0__core/fe/icache_pc_gen\[11\]_TSV_0_1_DN' try0='rof1_0__core/fe/icache_pc_gen[11]' try1='icache_pc_gen[11]' top='top'
[WARNING GPL3D-0000] overlayTSV: STA net not found. orig='rof1_0__core/fe/icache_pc_gen\[19\]_TSV_0_1_DN' try0='rof1_0__core/fe/icache_pc_gen[19]' try1='icache_pc_gen[19]' top='top'
[INFO GPL3D-0000] overlayTSV: [default max] net me/genblk1_0__bp_cce_top/bp_cce/_05961_ add C = 20.000 fF
[INFO GPL3D-0000] overlayTSV: [default max] net me/network/data_resp_channel/_02933_ add C = 20.000 fF
[WARNING GPL3D-0000] overlayTSV: STA net not found. orig='rof1_0__core/fe/icache_pc_gen\[91\]_TSV_0_1_DN' try0='rof1_0__core/fe/icache_pc_gen[91]' try1='icache_pc_gen[91]' top='top'
[INFO GPL3D-0000] overlayTSV: [default max] net me/genblk1_0__bp_cce_top/_16832_ add C = 20.000 fF
[INFO GPL3D-0000] overlayTSV: [default max] net me/network/data_resp_channel/_02770_ add C = 20.000 fF
[WARNING GPL3D-0000] overlayTSV: STA net not found. orig='rof1_0__core/fe/icache_pc_gen\[95\]_TSV_0_1_DN' try0='rof1_0__core/fe/icache_pc_gen[95]' try1='icache_pc_gen[95]' top='top'
[WARNING GPL3D-0000] overlayTSV: STA net not found. orig='rof1_0__core/fe/icache_pc_gen\[9\]_TSV_0_1_DN' try0='rof1_0__core/fe/icache_pc_gen[9]' try1='icache_pc_gen[9]' top='top'
[INFO GPL3D-0000] overlayTSV: [default max] net rof1_0__core/fe/itlb_1.itlb_icache_data_resp_ready_i add C = 20.000 fF
[INFO GPL3D-0000] overlayTSV: [default max] net me/genblk1_0__bp_cce_top/_13398_ add C = 20.000 fF
[INFO GPL3D-0000] overlayTSV: [default max] net me/network/data_resp_channel/_03218_ add C = 20.000 fF
[INFO GPL3D-0000] overlayTSV: [default max] net rof1_0__core/_03545_ add C = 20.000 fF
[INFO GPL3D-0000] overlayTSV: [default max] net rof1_0__core/fe/_073_ add C = 20.000 fF
[INFO GPL3D-0000] overlayTSV: [default max] net me/genblk1_0__bp_cce_top/bp_cce/_05890_ add C = 20.000 fF
[WARNING GPL3D-0000] overlayTSV: STA net not found. orig='rof1_0__core/fe/pc_gen_icache\[61\]_TSV_0_1_DN' try0='rof1_0__core/fe/pc_gen_icache[61]' try1='pc_gen_icache[61]' top='top'
[INFO GPL3D-0000] overlayTSV: [default max] net rof1_0__core/fe/pc_gen_icache_ready add C = 20.000 fF
[INFO GPL3D-0000] overlayTSV: [default max] net rof1_0__core/_03619_ add C = 20.000 fF
[WARNING GPL3D-0000] overlayTSV: STA net not found. orig='me/genblk1_0__bp_cce_top/mem_cce_data_resp_fifo.data_o\[522\]_TSV_0_1_DN' try0='me/genblk1_0__bp_cce_top/mem_cce_data_resp_fifo.data_o[522]' try1='mem_cce_data_resp_fifo.data_o[522]' top='top'
[WARNING GPL3D-0000] overlayTSV: STA net not found. orig='rof1_0__core/fe/icache_1/read_mux_butterfly.data_i\[247\]_TSV_0_1_DN' try0='rof1_0__core/fe/icache_1/read_mux_butterfly.data_i[247]' try1='read_mux_butterfly.data_i[247]' top='top'
[INFO GPL3D-0000] overlayTSV: [default max] net me/network/data_cmd_channel/_05715_ add C = 20.000 fF
[INFO GPL3D-0000] overlayTSV: [default max] net rof1_0__core/_03667_ add C = 20.000 fF
[WARNING GPL3D-0000] overlayTSV: STA net not found. orig='rof1_0__core/fe/icache_1/read_mux_butterfly.data_i\[459\]_TSV_0_1_DN' try0='rof1_0__core/fe/icache_1/read_mux_butterfly.data_i[459]' try1='read_mux_butterfly.data_i[459]' top='top'
[INFO GPL3D-0000] overlayTSV: [default max] net me/genblk1_0__bp_cce_top/bp_cce/_06049_ add C = 20.000 fF
[INFO GPL3D-0000] overlayTSV: [default max] net me/genblk1_0__bp_cce_top/_10124_ add C = 20.000 fF
[INFO GPL3D-0000] overlayTSV: [default max] net rof1_0__core/_03689_ add C = 20.000 fF
[WARNING GPL3D-0000] overlayTSV: STA net not found. orig='rof1_0__core/fe/icache_1/write_mux_butterfly.data_o\[140\]_TSV_0_1_DN' try0='rof1_0__core/fe/icache_1/write_mux_butterfly.data_o[140]' try1='write_mux_butterfly.data_o[140]' top='top'
[INFO GPL3D-0000] overlayTSV: [default max] net rof1_0__core/fe/bp_fe_pc_gen_1/_0261_ add C = 20.000 fF
[INFO GPL3D-0000] overlayTSV: [default max] net me/network/data_resp_channel/_03156_ add C = 20.000 fF
[INFO GPL3D-0000] overlayTSV: [default max] net me/network/data_resp_channel/_02667_ add C = 20.000 fF
[WARNING GPL3D-0000] overlayTSV: STA net not found. orig='rof1_0__core/fe/icache_1/read_mux_butterfly.data_i\[337\]_TSV_0_1_DN' try0='rof1_0__core/fe/icache_1/read_mux_butterfly.data_i[337]' try1='read_mux_butterfly.data_i[337]' top='top'
[INFO GPL3D-0000] overlayTSV: [default max] net rof1_0__core/_03750_ add C = 20.000 fF
[INFO GPL3D-0000] overlayTSV: [default max] net me/genblk1_0__bp_cce_top/bp_cce/_06163_ add C = 20.000 fF
[INFO GPL3D-0000] overlayTSV: [default max] net me/genblk1_0__bp_cce_top/bp_cce/_06205_ add C = 20.000 fF
[INFO GPL3D-0000] overlayTSV: [default max] net me/genblk1_0__bp_cce_top/bp_cce/_06384_ add C = 20.000 fF
[WARNING GPL3D-0000] overlayTSV: STA net not found. orig='me/genblk1_0__bp_cce_top/mem_cce_data_resp_fifo.data_o\[526\]_TSV_0_1_DN' try0='me/genblk1_0__bp_cce_top/mem_cce_data_resp_fifo.data_o[526]' try1='mem_cce_data_resp_fifo.data_o[526]' top='top'
[INFO GPL3D-0000] overlayTSV: [default max] net rof1_0__core/fe/icache_1/_06124_ add C = 20.000 fF
[INFO GPL3D-0000] overlayTSV: [default max] net me/genblk1_0__bp_cce_top/bp_cce/_06231_ add C = 20.000 fF
[WARNING GPL3D-0000] overlayTSV: STA net not found. orig='me/genblk1_0__bp_cce_top/mem_cce_data_resp_fifo.data_o\[539\]_TSV_0_1_DN' try0='me/genblk1_0__bp_cce_top/mem_cce_data_resp_fifo.data_o[539]' try1='mem_cce_data_resp_fifo.data_o[539]' top='top'
[WARNING GPL3D-0000] overlayTSV: STA net not found. orig='rof1_0__core/fe/icache_1/write_mux_butterfly.data_o\[1\]_TSV_0_1_DN' try0='rof1_0__core/fe/icache_1/write_mux_butterfly.data_o[1]' try1='write_mux_butterfly.data_o[1]' top='top'
[INFO GPL3D-0000] overlayTSV: [default max] net rof1_0__core/_03858_ add C = 20.000 fF
[WARNING GPL3D-0000] overlayTSV: STA net not found. orig='rof1_0__core/fe/icache_1/write_mux_butterfly.data_o\[111\]_TSV_0_1_DN' try0='rof1_0__core/fe/icache_1/write_mux_butterfly.data_o[111]' try1='write_mux_butterfly.data_o[111]' top='top'
[INFO GPL3D-0000] overlayTSV: [default max] net rof1_0__core/fe/bp_fe_pc_gen_1/_0556_ add C = 20.000 fF
[INFO GPL3D-0000] overlayTSV: [default max] net rof1_0__core/fe/bp_fe_pc_gen_1/_0560_ add C = 20.000 fF
[INFO GPL3D-0000] overlayTSV: [default max] net rof1_0__core/fe/bp_fe_pc_gen_1/_0563_ add C = 20.000 fF
[INFO GPL3D-0000] overlayTSV: [default max] net me/genblk1_0__bp_cce_top/_07021_ add C = 20.000 fF
[INFO GPL3D-0000] overlayTSV: [default max] net me/genblk1_0__bp_cce_top/bp_cce/_06108_ add C = 20.000 fF
[INFO GPL3D-0000] overlayTSV: [default max] net me/genblk1_0__bp_cce_top/_10618_ add C = 20.000 fF
[WARNING GPL3D-0000] overlayTSV: STA net not found. orig='rof1_0__core/fe/icache_1/write_mux_butterfly.data_o\[159\]_TSV_0_1_DN' try0='rof1_0__core/fe/icache_1/write_mux_butterfly.data_o[159]' try1='write_mux_butterfly.data_o[159]' top='top'
[INFO GPL3D-0000] overlayTSV: [default max] net me/genblk1_0__bp_cce_top/_07314_ add C = 20.000 fF
[INFO GPL3D-0000] overlayTSV: [default max] net me/network/data_cmd_channel/_10648_ add C = 20.000 fF
[INFO GPL3D-0000] overlayTSV: [default max] net me/genblk1_0__bp_cce_top/_10743_ add C = 20.000 fF
[WARNING GPL3D-0000] overlayTSV: STA net not found. orig='rof1_0__core/fe/icache_1/read_mux_butterfly.data_i\[222\]_TSV_0_1_DN' try0='rof1_0__core/fe/icache_1/read_mux_butterfly.data_i[222]' try1='read_mux_butterfly.data_i[222]' top='top'
[WARNING GPL3D-0000] overlayTSV: STA net not found. orig='rof1_0__core/fe/icache_1/read_mux_butterfly.data_i\[224\]_TSV_0_1_DN' try0='rof1_0__core/fe/icache_1/read_mux_butterfly.data_i[224]' try1='read_mux_butterfly.data_i[224]' top='top'
[INFO GPL3D-0000] overlayTSV: [default max] net me/genblk1_0__bp_cce_top/_10763_ add C = 20.000 fF
[WARNING GPL3D-0000] overlayTSV: STA net not found. orig='rof1_0__core/fe/icache_1/write_mux_butterfly.data_o\[126\]_TSV_0_1_DN' try0='rof1_0__core/fe/icache_1/write_mux_butterfly.data_o[126]' try1='write_mux_butterfly.data_o[126]' top='top'
[WARNING GPL3D-0000] overlayTSV: STA net not found. orig='rof1_0__core/fe/icache_1/write_mux_butterfly.data_o\[107\]_TSV_0_1_DN' try0='rof1_0__core/fe/icache_1/write_mux_butterfly.data_o[107]' try1='write_mux_butterfly.data_o[107]' top='top'
[WARNING GPL3D-0000] overlayTSV: STA net not found. orig='rof1_0__core/fe/icache_1/read_mux_butterfly.data_i\[235\]_TSV_0_1_DN' try0='rof1_0__core/fe/icache_1/read_mux_butterfly.data_i[235]' try1='read_mux_butterfly.data_i[235]' top='top'
[WARNING GPL3D-0000] overlayTSV: STA net not found. orig='rof1_0__core/fe/icache_1/read_mux_butterfly.data_i\[249\]_TSV_0_1_DN' try0='rof1_0__core/fe/icache_1/read_mux_butterfly.data_i[249]' try1='read_mux_butterfly.data_i[249]' top='top'
[WARNING GPL3D-0000] overlayTSV: STA net not found. orig='rof1_0__core/fe/icache_1/write_mux_butterfly.data_o\[123\]_TSV_0_1_DN' try0='rof1_0__core/fe/icache_1/write_mux_butterfly.data_o[123]' try1='write_mux_butterfly.data_o[123]' top='top'
[WARNING GPL3D-0000] overlayTSV: STA net not found. orig='rof1_0__core/fe/icache_1/read_mux_butterfly.data_i\[357\]_TSV_0_1_DN' try0='rof1_0__core/fe/icache_1/read_mux_butterfly.data_i[357]' try1='read_mux_butterfly.data_i[357]' top='top'
[INFO GPL3D-0000] overlayTSV: [default max] net me/genblk1_0__bp_cce_top/_03847_ add C = 20.000 fF
[WARNING GPL3D-0000] overlayTSV: STA net not found. orig='rof1_0__core/fe/icache_1/read_mux_butterfly.data_i\[323\]_TSV_0_1_DN' try0='rof1_0__core/fe/icache_1/read_mux_butterfly.data_i[323]' try1='read_mux_butterfly.data_i[323]' top='top'
[INFO GPL3D-0000] overlayTSV: [default max] net me/network/data_cmd_channel/_03403_ add C = 20.000 fF
[INFO GPL3D-0000] overlayTSV: [default max] net rof1_0__core/fe/bp_fe_pc_gen_1/_1321_ add C = 20.000 fF
[INFO GPL3D-0000] overlayTSV: [default max] net rof1_0__core/_03972_ add C = 20.000 fF
[INFO GPL3D-0000] overlayTSV: [default max] net rof1_0__core/_03668_ add C = 20.000 fF
[INFO GPL3D-0000] overlayTSV: [default max] net rof1_0__core/fe/icache_1/_05215_ add C = 20.000 fF
[INFO GPL3D-0000] overlayTSV: [default max] net rof1_0__core/fe/icache_1/_03081_ add C = 20.000 fF
[WARNING GPL3D-0000] overlayTSV: STA net not found. orig='me/genblk1_0__bp_cce_top/mem_cce_data_resp_fifo.data_o\[493\]_TSV_0_1_DN' try0='me/genblk1_0__bp_cce_top/mem_cce_data_resp_fifo.data_o[493]' try1='mem_cce_data_resp_fifo.data_o[493]' top='top'
[INFO GPL3D-0000] overlayTSV: [default max] net rof1_0__core/fe/icache_1/_05266_ add C = 20.000 fF
[INFO GPL3D-0000] overlayTSV: [default max] net me/network/data_resp_channel/_02432_ add C = 20.000 fF
[WARNING GPL3D-0000] overlayTSV: STA net not found. orig='rof1_0__core/fe/icache_1/write_mux_butterfly.data_o\[137\]_TSV_0_1_DN' try0='rof1_0__core/fe/icache_1/write_mux_butterfly.data_o[137]' try1='write_mux_butterfly.data_o[137]' top='top'
[INFO GPL3D-0000] overlayTSV: [default max] net rof1_0__core/fe/icache_1/_05314_ add C = 20.000 fF
[WARNING GPL3D-0000] overlayTSV: STA net not found. orig='rof1_0__core/fe/icache_1/write_mux_butterfly.data_o\[422\]_TSV_0_1_DN' try0='rof1_0__core/fe/icache_1/write_mux_butterfly.data_o[422]' try1='write_mux_butterfly.data_o[422]' top='top'
[INFO GPL3D-0000] overlayTSV: [default max] net rof1_0__core/fe/icache_1/_03273_ add C = 20.000 fF
[INFO GPL3D-0000] overlayTSV: [default max] net me/network/data_resp_channel/_02299_ add C = 20.000 fF
[WARNING GPL3D-0000] overlayTSV: STA net not found. orig='rof1_0__core/fe/icache_1/write_mux_butterfly.data_o\[188\]_TSV_0_1_DN' try0='rof1_0__core/fe/icache_1/write_mux_butterfly.data_o[188]' try1='write_mux_butterfly.data_o[188]' top='top'
[INFO GPL3D-0000] overlayTSV: [default max] net rof1_0__core/_02526_ add C = 20.000 fF
[WARNING GPL3D-0000] overlayTSV: STA net not found. orig='rof1_0__core/fe/pc_gen_icache\[0\]_TSV_0_1_DN' try0='rof1_0__core/fe/pc_gen_icache[0]' try1='pc_gen_icache[0]' top='top'
[INFO GPL3D-0000] overlayTSV: [default max] net me/genblk1_0__bp_cce_top/bp_cce/_02610_ add C = 20.000 fF
[WARNING GPL3D-0000] overlayTSV: STA net not found. orig='rof1_0__core/fe/icache_1/read_mux_butterfly.data_i\[381\]_TSV_0_1_DN' try0='rof1_0__core/fe/icache_1/read_mux_butterfly.data_i[381]' try1='read_mux_butterfly.data_i[381]' top='top'
[INFO GPL3D-0000] overlayTSV: [default max] net me/network/_0773_ add C = 20.000 fF
[INFO GPL3D-0000] overlayTSV: [default max] net me/genblk1_0__bp_cce_top/_11213_ add C = 20.000 fF
[WARNING GPL3D-0000] overlayTSV: STA net not found. orig='me/genblk1_0__bp_cce_top/mem_cce_data_resp_fifo.data_o\[220\]_TSV_0_1_DN' try0='me/genblk1_0__bp_cce_top/mem_cce_data_resp_fifo.data_o[220]' try1='mem_cce_data_resp_fifo.data_o[220]' top='top'
[INFO GPL3D-0000] overlayTSV: [default max] net me/genblk1_0__bp_cce_top/_16994_ add C = 20.000 fF
[WARNING GPL3D-0000] overlayTSV: STA net not found. orig='rof1_0__core/fe/icache_1/write_mux_butterfly.data_o\[166\]_TSV_0_1_DN' try0='rof1_0__core/fe/icache_1/write_mux_butterfly.data_o[166]' try1='write_mux_butterfly.data_o[166]' top='top'
[WARNING GPL3D-0000] overlayTSV: STA net not found. orig='rof1_0__core/fe/icache_1/write_mux_butterfly.data_o\[66\]_TSV_0_1_DN' try0='rof1_0__core/fe/icache_1/write_mux_butterfly.data_o[66]' try1='write_mux_butterfly.data_o[66]' top='top'
[INFO GPL3D-0000] overlayTSV: [default max] net rof1_0__core/fe/icache_1/_09154_ add C = 20.000 fF
[WARNING GPL3D-0000] overlayTSV: STA net not found. orig='me/genblk1_0__bp_cce_top/mem_cce_data_resp_fifo.data_o\[246\]_TSV_0_1_DN' try0='me/genblk1_0__bp_cce_top/mem_cce_data_resp_fifo.data_o[246]' try1='mem_cce_data_resp_fifo.data_o[246]' top='top'
[INFO GPL3D-0000] overlayTSV: [default max] net rof1_0__core/fe/icache_1/_09183_ add C = 20.000 fF
[INFO GPL3D-0000] overlayTSV: [default max] net me/genblk1_0__bp_cce_top/bp_cce/_05930_ add C = 20.000 fF
[WARNING GPL3D-0000] overlayTSV: STA net not found. orig='me/genblk1_0__bp_cce_top/mem_cce_data_resp_fifo.data_o\[250\]_TSV_0_1_DN' try0='me/genblk1_0__bp_cce_top/mem_cce_data_resp_fifo.data_o[250]' try1='mem_cce_data_resp_fifo.data_o[250]' top='top'
[WARNING GPL3D-0000] overlayTSV: STA net not found. orig='rof1_0__core/fe/icache_1/read_mux_butterfly.data_i\[472\]_TSV_0_1_DN' try0='rof1_0__core/fe/icache_1/read_mux_butterfly.data_i[472]' try1='read_mux_butterfly.data_i[472]' top='top'
[INFO GPL3D-0000] overlayTSV: [default max] net me/genblk1_0__bp_cce_top/_17062_ add C = 20.000 fF
[INFO GPL3D-0000] overlayTSV: [default max] net me/genblk1_0__bp_cce_top/bp_cce/_06452_ add C = 20.000 fF
[INFO GPL3D-0000] overlayTSV: [default max] net rof1_0__core/fe/bp_fe_pc_gen_1/_0075_ add C = 20.000 fF
[WARNING GPL3D-0000] overlayTSV: STA net not found. orig='rof1_0__core/fe/icache_1/read_mux_butterfly.data_i\[478\]_TSV_0_1_DN' try0='rof1_0__core/fe/icache_1/read_mux_butterfly.data_i[478]' try1='read_mux_butterfly.data_i[478]' top='top'
[INFO GPL3D-0000] overlayTSV: [default max] net rof1_0__core/_02823_ add C = 20.000 fF
[WARNING GPL3D-0000] overlayTSV: STA net not found. orig='rof1_0__core/fe/icache_1/write_mux_butterfly.data_o\[9\]_TSV_0_1_DN' try0='rof1_0__core/fe/icache_1/write_mux_butterfly.data_o[9]' try1='write_mux_butterfly.data_o[9]' top='top'
[INFO GPL3D-0000] overlayTSV: [default max] net rof1_0__core/fe/icache_1/_07430_ add C = 20.000 fF
[INFO GPL3D-0000] overlayTSV: [default max] net rof1_0__core/fe/icache_1/_05854_ add C = 20.000 fF
[INFO GPL3D-0000] overlayTSV: [default max] net rof1_0__core/fe/bp_fe_pc_gen_1/_0847_ add C = 20.000 fF
[INFO GPL3D-0000] overlayTSV: [default max] net rof1_0__core/_02533_ add C = 20.000 fF
[INFO GPL3D-0000] overlayTSV: [default max] net me/network/data_cmd_channel/_10672_ add C = 20.000 fF
[INFO GPL3D-0000] overlayTSV: [default max] net rof1_0__core/fe/icache_1/_07505_ add C = 20.000 fF
[WARNING GPL3D-0000] overlayTSV: STA net not found. orig='rof1_0__core/fe/icache_1/read_mux_butterfly.data_i\[510\]_TSV_0_1_DN' try0='rof1_0__core/fe/icache_1/read_mux_butterfly.data_i[510]' try1='read_mux_butterfly.data_i[510]' top='top'
[INFO GPL3D-0000] overlayTSV: [default max] net me/network/data_resp_channel/_02621_ add C = 20.000 fF
[INFO GPL3D-0000] overlayTSV: [default max] net me/network/_0591_ add C = 20.000 fF
[INFO GPL3D-0000] overlayTSV: [default max] net rof1_0__core/fe/icache_1/_04507_ add C = 20.000 fF
[WARNING GPL3D-0000] overlayTSV: STA net not found. orig='rof1_0__core/fe/icache_1/write_mux_butterfly.data_o\[119\]_TSV_0_1_DN' try0='rof1_0__core/fe/icache_1/write_mux_butterfly.data_o[119]' try1='write_mux_butterfly.data_o[119]' top='top'
[INFO GPL3D-0000] overlayTSV: [default max] net rof1_0__core/fe/icache_1/_06011_ add C = 20.000 fF
[INFO GPL3D-0000] overlayTSV: [default max] net rof1_0__core/fe/icache_1/_07593_ add C = 20.000 fF
[WARNING GPL3D-0000] overlayTSV: STA net not found. orig='rof1_0__core/fe/icache_1/read_mux_butterfly.data_i\[369\]_TSV_0_1_DN' try0='rof1_0__core/fe/icache_1/read_mux_butterfly.data_i[369]' try1='read_mux_butterfly.data_i[369]' top='top'
[INFO GPL3D-0000] overlayTSV: [default max] net me/genblk1_0__bp_cce_top/bp_cce/_02538_ add C = 20.000 fF
[INFO GPL3D-0000] overlayTSV: [default max] net me/genblk1_0__bp_cce_top/bp_cce/_06244_ add C = 20.000 fF
[WARNING GPL3D-0000] overlayTSV: STA net not found. orig='rof1_0__core/fe/icache_1/write_mux_butterfly.data_o\[384\]_TSV_0_1_DN' try0='rof1_0__core/fe/icache_1/write_mux_butterfly.data_o[384]' try1='write_mux_butterfly.data_o[384]' top='top'
[INFO GPL3D-0000] overlayTSV: [default max] net rof1_0__core/fe/icache_1/_06160_ add C = 20.000 fF
[INFO GPL3D-0000] overlayTSV: [default max] net rof1_0__core/_01525_ add C = 20.000 fF
[INFO GPL3D-0000] overlayTSV: [default max] net me/network/lce_cce_req_network/_1104_ add C = 20.000 fF
[INFO GPL3D-0000] overlayTSV: [default max] net rof1_0__core/fe/icache_1/_08099_ add C = 20.000 fF
[INFO GPL3D-0000] overlayTSV: [default max] net rof1_0__core/_01325_ add C = 20.000 fF
[WARNING GPL3D-0000] overlayTSV: STA net not found. orig='me/lce_data_cmd_o_from_cce\[118\]_TSV_0_1_DN' try0='me/lce_data_cmd_o_from_cce[118]' try1='lce_data_cmd_o_from_cce[118]' top='top'
[INFO GPL3D-0000] overlayTSV: [default max] net me/network/data_cmd_channel/_09869_ add C = 20.000 fF
[WARNING GPL3D-0000] overlayTSV: STA net not found. orig='rof1_0__core/fe/icache_1/write_mux_butterfly.data_o\[312\]_TSV_0_1_DN' try0='rof1_0__core/fe/icache_1/write_mux_butterfly.data_o[312]' try1='write_mux_butterfly.data_o[312]' top='top'
[INFO GPL3D-0000] overlayTSV: [default max] net rof1_0__core/fe/bp_fe_pc_gen_1/genblk1_branch_prediction_1/btb_1/_0536_ add C = 20.000 fF
[INFO GPL3D-0000] overlayTSV: [default max] net me/genblk1_0__bp_cce_top/_09737_ add C = 20.000 fF
[INFO GPL3D-0000] overlayTSV: [default max] net rof1_0__core/fe/icache_1/_06294_ add C = 20.000 fF
[INFO GPL3D-0000] overlayTSV: [default max] net me/network/data_cmd_channel/_04074_ add C = 20.000 fF
[INFO GPL3D-0000] overlayTSV: [default max] net me/network/data_cmd_channel/_04691_ add C = 20.000 fF
[INFO GPL3D-0000] overlayTSV: [default max] net rof1_0__core/fe/bp_fe_pc_gen_1/genblk1_branch_prediction_1/btb_1/_2720_ add C = 20.000 fF
[WARNING GPL3D-0000] overlayTSV: STA net not found. orig='rof1_0__core/fe_cmd_fifo.data_o\[35\]_TSV_0_1_DN' try0='rof1_0__core/fe_cmd_fifo.data_o[35]' try1='fe_cmd_fifo.data_o[35]' top='top'
[WARNING GPL3D-0000] overlayTSV: STA net not found. orig='rof1_0__core/fe/icache_1/write_mux_butterfly.data_o\[256\]_TSV_0_1_DN' try0='rof1_0__core/fe/icache_1/write_mux_butterfly.data_o[256]' try1='write_mux_butterfly.data_o[256]' top='top'
[INFO GPL3D-0000] overlayTSV: [default max] net rof1_0__core/_01388_ add C = 20.000 fF
[INFO GPL3D-0000] overlayTSV: [default max] net me/genblk1_0__bp_cce_top/_07576_ add C = 20.000 fF
[INFO GPL3D-0000] overlayTSV: [default max] net me/network/data_cmd_channel/_04408_ add C = 20.000 fF
[INFO GPL3D-0000] overlayTSV: [default max] net me/genblk1_0__bp_cce_top/_16333_ add C = 20.000 fF
[INFO GPL3D-0000] overlayTSV: [default max] net rof1_0__core/fe/icache_1/_06367_ add C = 20.000 fF
[WARNING GPL3D-0000] overlayTSV: STA net not found. orig='rof1_0__core/fe_cmd_fifo.data_o\[29\]_TSV_0_1_DN' try0='rof1_0__core/fe_cmd_fifo.data_o[29]' try1='fe_cmd_fifo.data_o[29]' top='top'
[INFO GPL3D-0000] overlayTSV: [default max] net rof1_0__core/fe/icache_1/_06445_ add C = 20.000 fF
[INFO GPL3D-0000] overlayTSV: [default max] net me/network/data_cmd_channel/_04446_ add C = 20.000 fF
[INFO GPL3D-0000] overlayTSV: [default max] net me/genblk1_0__bp_cce_top/_16398_ add C = 20.000 fF
[WARNING GPL3D-0000] overlayTSV: STA net not found. orig='rof1_0__core/fe/icache_1/read_mux_butterfly.data_i\[452\]_TSV_0_1_DN' try0='rof1_0__core/fe/icache_1/read_mux_butterfly.data_i[452]' try1='read_mux_butterfly.data_i[452]' top='top'
[WARNING GPL3D-0000] overlayTSV: STA net not found. orig='rof1_0__core/fe/icache_1/write_mux_butterfly.data_o\[443\]_TSV_0_1_DN' try0='rof1_0__core/fe/icache_1/write_mux_butterfly.data_o[443]' try1='write_mux_butterfly.data_o[443]' top='top'
[INFO GPL3D-0000] overlayTSV: [default max] net me/network/lce_cce_req_network/_1113_ add C = 20.000 fF
[INFO GPL3D-0000] overlayTSV: [default max] net rof1_0__core/_01844_ add C = 20.000 fF
[INFO GPL3D-0000] overlayTSV: [default max] net rof1_0__core/fe/bp_fe_pc_gen_1/_0557_ add C = 20.000 fF
[INFO GPL3D-0000] overlayTSV: [default max] net me/network/data_cmd_channel/_04831_ add C = 20.000 fF
[WARNING GPL3D-0000] overlayTSV: STA net not found. orig='rof1_0__core/fe/icache_1/read_mux_butterfly.data_i\[240\]_TSV_0_1_DN' try0='rof1_0__core/fe/icache_1/read_mux_butterfly.data_i[240]' try1='read_mux_butterfly.data_i[240]' top='top'
[INFO GPL3D-0000] overlayTSV: [default max] net me/network/data_resp_channel/_02271_ add C = 20.000 fF
[WARNING GPL3D-0000] overlayTSV: STA net not found. orig='rof1_0__core/fe/icache_1/write_mux_butterfly.data_o\[398\]_TSV_0_1_DN' try0='rof1_0__core/fe/icache_1/write_mux_butterfly.data_o[398]' try1='write_mux_butterfly.data_o[398]' top='top'
[INFO GPL3D-0000] overlayTSV: [default max] net me/network/lce_cce_req_network/_0918_ add C = 20.000 fF
[INFO GPL3D-0000] overlayTSV: [default max] net me/network/data_resp_channel/_05703_ add C = 20.000 fF
[INFO GPL3D-0000] overlayTSV: [default max] net rof1_0__core/fe/icache_1/_10834_ add C = 20.000 fF
[INFO GPL3D-0000] overlayTSV: [default max] net rof1_0__core/_02366_ add C = 20.000 fF
[WARNING GPL3D-0000] overlayTSV: STA net not found. orig='rof1_0__core/fe/icache_1/read_mux_butterfly.data_i\[342\]_TSV_0_1_DN' try0='rof1_0__core/fe/icache_1/read_mux_butterfly.data_i[342]' try1='read_mux_butterfly.data_i[342]' top='top'
[INFO GPL3D-0000] overlayTSV: [default max] net me/network/data_cmd_channel/_04852_ add C = 20.000 fF
[INFO GPL3D-0000] overlayTSV: [default max] net rof1_0__core/_01807_ add C = 20.000 fF
[WARNING GPL3D-0000] overlayTSV: STA net not found. orig='rof1_0__core/fe/icache_1/read_mux_butterfly.data_i\[354\]_TSV_0_1_DN' try0='rof1_0__core/fe/icache_1/read_mux_butterfly.data_i[354]' try1='read_mux_butterfly.data_i[354]' top='top'
[WARNING GPL3D-0000] overlayTSV: STA net not found. orig='rof1_0__core/fe/icache_1/write_mux_butterfly.data_o\[16\]_TSV_0_1_DN' try0='rof1_0__core/fe/icache_1/write_mux_butterfly.data_o[16]' try1='write_mux_butterfly.data_o[16]' top='top'
[INFO GPL3D-0000] overlayTSV: [default max] net me/network/data_resp_channel/_05282_ add C = 20.000 fF
[INFO GPL3D-0000] overlayTSV: [default max] net me/network/data_resp_channel/_05459_ add C = 20.000 fF
[INFO GPL3D-0000] overlayTSV: [default max] net rof1_0__core/_02488_ add C = 20.000 fF
[INFO GPL3D-0000] overlayTSV: [default max] net rof1_0__core/fe/icache_1/_09004_ add C = 20.000 fF
[INFO GPL3D-0000] overlayTSV: [default max] net me/genblk1_0__bp_cce_top/_09151_ add C = 20.000 fF
[WARNING GPL3D-0000] overlayTSV: STA net not found. orig='rof1_0__core/fe/icache_1/read_mux_butterfly.data_i\[365\]_TSV_0_1_DN' try0='rof1_0__core/fe/icache_1/read_mux_butterfly.data_i[365]' try1='read_mux_butterfly.data_i[365]' top='top'
[INFO GPL3D-0000] overlayTSV: [default max] net me/network/data_cmd_channel/_04591_ add C = 20.000 fF
[INFO GPL3D-0000] overlayTSV: [default max] net me/genblk1_0__bp_cce_top/_12219_ add C = 20.000 fF
[WARNING GPL3D-0000] overlayTSV: STA net not found. orig='rof1_0__core/fe/icache_1/write_mux_butterfly.data_o\[49\]_TSV_0_1_DN' try0='rof1_0__core/fe/icache_1/write_mux_butterfly.data_o[49]' try1='write_mux_butterfly.data_o[49]' top='top'
[INFO GPL3D-0000] overlayTSV: [default max] net me/genblk1_0__bp_cce_top/_12270_ add C = 20.000 fF
[INFO GPL3D-0000] overlayTSV: [default max] net me/network/data_cmd_channel/_04733_ add C = 20.000 fF
[INFO GPL3D-0000] overlayTSV: [default max] net rof1_0__core/_02523_ add C = 20.000 fF
[INFO GPL3D-0000] overlayTSV: [default max] net me/network/data_resp_channel/_02709_ add C = 20.000 fF
[WARNING GPL3D-0000] overlayTSV: STA net not found. orig='rof1_0__core/fe/icache_1/read_mux_butterfly.data_i\[493\]_TSV_0_1_DN' try0='rof1_0__core/fe/icache_1/read_mux_butterfly.data_i[493]' try1='read_mux_butterfly.data_i[493]' top='top'
[INFO GPL3D-0000] overlayTSV: [default max] net me/genblk1_0__bp_cce_top/_10690_ add C = 20.000 fF
[INFO GPL3D-0000] overlayTSV: [default max] net rof1_0__core/fe/icache_1/_06437_ add C = 20.000 fF
[WARNING GPL3D-0000] overlayTSV: STA net not found. orig='rof1_0__core/fe/icache_1/read_mux_butterfly.data_i\[495\]_TSV_0_1_DN' try0='rof1_0__core/fe/icache_1/read_mux_butterfly.data_i[495]' try1='read_mux_butterfly.data_i[495]' top='top'
[INFO GPL3D-0000] overlayTSV: [default max] net me/genblk1_0__bp_cce_top/_11237_ add C = 20.000 fF
[INFO GPL3D-0000] overlayTSV: [default max] net rof1_0__core/fe/icache_1/_06131_ add C = 20.000 fF
[INFO GPL3D-0000] overlayTSV: [default max] net me/genblk1_0__bp_cce_top/_16078_ add C = 20.000 fF
[INFO GPL3D-0000] overlayTSV: [default max] net me/network/data_resp_channel/_02779_ add C = 20.000 fF
[INFO GPL3D-0000] overlayTSV: [default max] net rof1_0__core/fe/icache_1/_07595_ add C = 20.000 fF
[INFO GPL3D-0000] overlayTSV: [default max] net me/network/data_cmd_channel/_06484_ add C = 20.000 fF
[INFO GPL3D-0000] overlayTSV: [default max] net rof1_0__core/fe/icache_1/_07601_ add C = 20.000 fF
[INFO GPL3D-0000] overlayTSV: [default max] net rof1_0__core/fe/icache_1/_07602_ add C = 20.000 fF
[INFO GPL3D-0000] overlayTSV: [default max] net rof1_0__core/fe/icache_1/_07616_ add C = 20.000 fF
[INFO GPL3D-0000] overlayTSV: [default max] net me/genblk1_0__bp_cce_top/_03803_ add C = 20.000 fF
[WARNING GPL3D-0000] overlayTSV: STA net not found. orig='rof1_0__core/fe/icache_1/read_mux_butterfly.data_i\[196\]_TSV_0_1_DN' try0='rof1_0__core/fe/icache_1/read_mux_butterfly.data_i[196]' try1='read_mux_butterfly.data_i[196]' top='top'
[INFO GPL3D-0000] overlayTSV: [default max] net rof1_0__core/fe/icache_1/_07672_ add C = 20.000 fF
[INFO GPL3D-0000] overlayTSV: [default max] net rof1_0__core/_02605_ add C = 20.000 fF
[INFO GPL3D-0000] overlayTSV: [default max] net rof1_0__core/fe/bp_fe_pc_gen_1/genblk1_branch_prediction_1/btb_1/_0518_ add C = 20.000 fF
[INFO GPL3D-0000] overlayTSV: [default max] net me/network/data_resp_channel/_05661_ add C = 20.000 fF
[INFO GPL3D-0000] overlayTSV: [default max] net rof1_0__core/_01342_ add C = 20.000 fF
[INFO GPL3D-0000] overlayTSV: [default max] net rof1_0__core/fe/icache_1/_07805_ add C = 20.000 fF
[INFO GPL3D-0000] overlayTSV: [default max] net rof1_0__core/fe/icache_1/_07833_ add C = 20.000 fF
[INFO GPL3D-0000] overlayTSV: [default max] net me/network/data_resp_channel/_03062_ add C = 20.000 fF
[INFO GPL3D-0000] overlayTSV: [default max] net rof1_0__core/_03467_ add C = 20.000 fF
[INFO GPL3D-0000] overlayTSV: [default max] net rof1_0__core/_03544_ add C = 20.000 fF
[INFO GPL3D-0000] overlayTSV: [default max] net me/genblk1_0__bp_cce_top/_06374_ add C = 20.000 fF
[INFO GPL3D-0000] overlayTSV: [default max] net rof1_0__core/_03475_ add C = 20.000 fF
[INFO GPL3D-0000] overlayTSV: [default max] net rof1_0__core/_03495_ add C = 20.000 fF
[INFO GPL3D-0000] overlayTSV: [default max] net me/network/data_cmd_channel/_05219_ add C = 20.000 fF
[INFO GPL3D-0000] overlayTSV: [default max] net rof1_0__core/_03511_ add C = 20.000 fF
[INFO GPL3D-0000] overlayTSV: [default max] net rof1_0__core/_03513_ add C = 20.000 fF
[INFO GPL3D-0000] overlayTSV: [default max] net rof1_0__core/_03713_ add C = 20.000 fF
[INFO GPL3D-0000] overlayTSV: [default max] net rof1_0__core/_03536_ add C = 20.000 fF
[INFO GPL3D-0000] overlayTSV: [default max] net rof1_0__core/fe/icache_1/_06158_ add C = 20.000 fF
[INFO GPL3D-0000] overlayTSV: [default max] net rof1_0__core/fe/icache_1/_08100_ add C = 20.000 fF
[INFO GPL3D-0000] overlayTSV: [default max] net me/network/data_cmd_channel/_05323_ add C = 20.000 fF
[INFO GPL3D-0000] overlayTSV: [default max] net me/genblk1_0__bp_cce_top/bp_cce/_00776_ add C = 20.000 fF
[INFO GPL3D-0000] overlayTSV: [default max] net me/network/data_resp_channel/_03188_ add C = 20.000 fF
[INFO GPL3D-0000] overlayTSV: [default max] net rof1_0__core/_03703_ add C = 20.000 fF
[INFO GPL3D-0000] overlayTSV: [default max] net me/network/data_resp_channel/_04943_ add C = 20.000 fF
[INFO GPL3D-0000] overlayTSV: [default max] net me/network/data_resp_channel/_06148_ add C = 20.000 fF
[WARNING GPL3D-0000] overlayTSV: STA net not found. orig='rof1_0__core/fe/icache_1/write_mux_butterfly.data_o\[435\]_TSV_0_1_DN' try0='rof1_0__core/fe/icache_1/write_mux_butterfly.data_o[435]' try1='write_mux_butterfly.data_o[435]' top='top'
[INFO GPL3D-0000] overlayTSV: [default max] net rof1_0__core/fe/icache_1/_06319_ add C = 20.000 fF
[INFO GPL3D-0000] overlayTSV: [default max] net me/genblk1_0__bp_cce_top/_13363_ add C = 20.000 fF
[INFO GPL3D-0000] overlayTSV: [default max] net rof1_0__core/fe/icache_1/_06298_ add C = 20.000 fF
[INFO GPL3D-0000] overlayTSV: [default max] net me/genblk1_0__bp_cce_top/_07886_ add C = 20.000 fF
[INFO GPL3D-0000] overlayTSV: [default max] net rof1_0__core/fe/icache_1/_08293_ add C = 20.000 fF
[INFO GPL3D-0000] overlayTSV: [default max] net rof1_0__core/fe/icache_1/_00318_ add C = 20.000 fF
[WARNING GPL3D-0000] overlayTSV: STA net not found. orig='me/genblk1_0__bp_cce_top/mem_cce_data_resp_fifo.data_o\[533\]_TSV_0_1_DN' try0='me/genblk1_0__bp_cce_top/mem_cce_data_resp_fifo.data_o[533]' try1='mem_cce_data_resp_fifo.data_o[533]' top='top'
[INFO GPL3D-0000] overlayTSV: [default max] net me/genblk1_0__bp_cce_top/_09024_ add C = 20.000 fF
[INFO GPL3D-0000] overlayTSV: [default max] net me/network/data_cmd_channel/_06057_ add C = 20.000 fF
[INFO GPL3D-0000] overlayTSV: [default max] net rof1_0__core/fe/icache_1/_07433_ add C = 20.000 fF
[INFO GPL3D-0000] overlayTSV: [default max] net me/network/data_cmd_channel/_05708_ add C = 20.000 fF
[INFO GPL3D-0000] overlayTSV: [default max] net rof1_0__core/_03688_ add C = 20.000 fF
[WARNING GPL3D-0000] overlayTSV: STA net not found. orig='rof1_0__core/fe/icache_1/write_mux_butterfly.data_o\[397\]_TSV_0_1_DN' try0='rof1_0__core/fe/icache_1/write_mux_butterfly.data_o[397]' try1='write_mux_butterfly.data_o[397]' top='top'
[INFO GPL3D-0000] overlayTSV: [default max] net rof1_0__core/fe/bp_fe_pc_gen_1/genblk1_branch_prediction_1/btb_1/_2777_ add C = 20.000 fF
[INFO GPL3D-0000] overlayTSV: [default max] net me/network/data_resp_channel/_06274_ add C = 20.000 fF
[INFO GPL3D-0000] overlayTSV: [default max] net me/genblk1_0__bp_cce_top/_13413_ add C = 20.000 fF
[INFO GPL3D-0000] overlayTSV: [default max] net rof1_0__core/_03714_ add C = 20.000 fF
[INFO GPL3D-0000] overlayTSV: [default max] net me/genblk1_0__bp_cce_top/bp_cce/_02161_ add C = 20.000 fF
[INFO GPL3D-0000] overlayTSV: [default max] net rof1_0__core/fe/bp_fe_pc_gen_1/genblk1_branch_prediction_1/btb_1/_0573_ add C = 20.000 fF
[INFO GPL3D-0000] overlayTSV: [default max] net me/genblk1_0__bp_cce_top/bp_cce/_02196_ add C = 20.000 fF
[WARNING GPL3D-0000] overlayTSV: STA net not found. orig='me/genblk1_0__bp_cce_top/cce_mem_data_cmd_fifo.data_i\[564\]_TSV_0_1_DN' try0='me/genblk1_0__bp_cce_top/cce_mem_data_cmd_fifo.data_i[564]' try1='cce_mem_data_cmd_fifo.data_i[564]' top='top'
[WARNING GPL3D-0000] overlayTSV: STA net not found. orig='rof1_0__core/fe/icache_1/read_mux_butterfly.data_i\[462\]_TSV_0_1_DN' try0='rof1_0__core/fe/icache_1/read_mux_butterfly.data_i[462]' try1='read_mux_butterfly.data_i[462]' top='top'
[INFO GPL3D-0000] overlayTSV: [default max] net me/genblk1_0__bp_cce_top/bp_cce/_06448_ add C = 20.000 fF
[WARNING GPL3D-0000] overlayTSV: STA net not found. orig='rof1_0__core/fe/icache_1/write_mux_butterfly.data_o\[88\]_TSV_0_1_DN' try0='rof1_0__core/fe/icache_1/write_mux_butterfly.data_o[88]' try1='write_mux_butterfly.data_o[88]' top='top'
[INFO GPL3D-0000] overlayTSV: [default max] net rof1_0__core/fe/icache_1/_08583_ add C = 20.000 fF
[INFO GPL3D-0000] overlayTSV: [default max] net rof1_0__core/fe/icache_1/_09299_ add C = 20.000 fF
[INFO GPL3D-0000] overlayTSV: [default max] net me/genblk1_0__bp_cce_top/bp_cce/_02226_ add C = 20.000 fF
[INFO GPL3D-0000] overlayTSV: [default max] net me/genblk1_0__bp_cce_top/bp_cce/_06393_ add C = 20.000 fF
[INFO GPL3D-0000] overlayTSV: [default max] net me/genblk1_0__bp_cce_top/_02736_ add C = 20.000 fF
[INFO GPL3D-0000] overlayTSV: [default max] net rof1_0__core/_03496_ add C = 20.000 fF
[WARNING GPL3D-0000] overlayTSV: STA net not found. orig='rof1_0__core/fe/icache_1/write_mux_butterfly.data_o\[386\]_TSV_0_1_DN' try0='rof1_0__core/fe/icache_1/write_mux_butterfly.data_o[386]' try1='write_mux_butterfly.data_o[386]' top='top'
[INFO GPL3D-0000] overlayTSV: [default max] net me/genblk1_0__bp_cce_top/_06618_ add C = 20.000 fF
[INFO GPL3D-0000] overlayTSV: [default max] net me/network/_0564_ add C = 20.000 fF
[INFO GPL3D-0000] overlayTSV: [default max] net me/genblk1_0__bp_cce_top/_06619_ add C = 20.000 fF
[INFO GPL3D-0000] overlayTSV: [default max] net me/network/data_cmd_channel/_05820_ add C = 20.000 fF
[INFO GPL3D-0000] overlayTSV: [default max] net me/network/data_cmd_channel/_04682_ add C = 20.000 fF
[INFO GPL3D-0000] overlayTSV: [default max] net rof1_0__core/fe/bp_fe_pc_gen_1/genblk1_branch_prediction_1/btb_1/_2780_ add C = 20.000 fF
[INFO GPL3D-0000] overlayTSV: [default max] net me/network/data_cmd_channel/_09790_ add C = 20.000 fF
[WARNING GPL3D-0000] overlayTSV: STA net not found. orig='rof1_0__core/fe/icache_1/read_mux_butterfly.data_i\[335\]_TSV_0_1_DN' try0='rof1_0__core/fe/icache_1/read_mux_butterfly.data_i[335]' try1='read_mux_butterfly.data_i[335]' top='top'
[INFO GPL3D-0000] overlayTSV: [default max] net rof1_0__core/fe/icache_1/_08949_ add C = 20.000 fF
[INFO GPL3D-0000] overlayTSV: [default max] net rof1_0__core/fe/icache_1/_08957_ add C = 20.000 fF
[INFO GPL3D-0000] overlayTSV: [default max] net rof1_0__core/fe/icache_1/_08958_ add C = 20.000 fF
[INFO GPL3D-0000] overlayTSV: [default max] net rof1_0__core/fe/icache_1/_08963_ add C = 20.000 fF
[WARNING GPL3D-0000] overlayTSV: STA net not found. orig='rof1_0__core/fe/icache_1/write_mux_butterfly.data_o\[125\]_TSV_0_1_DN' try0='rof1_0__core/fe/icache_1/write_mux_butterfly.data_o[125]' try1='write_mux_butterfly.data_o[125]' top='top'
[INFO GPL3D-0000] overlayTSV: [default max] net rof1_0__core/fe/icache_1/_08972_ add C = 20.000 fF
[INFO GPL3D-0000] overlayTSV: [default max] net rof1_0__core/fe/icache_1/_08976_ add C = 20.000 fF
[WARNING GPL3D-0000] overlayTSV: STA net not found. orig='rof1_0__core/fe/icache_1/write_mux_butterfly.data_o\[148\]_TSV_0_1_DN' try0='rof1_0__core/fe/icache_1/write_mux_butterfly.data_o[148]' try1='write_mux_butterfly.data_o[148]' top='top'
[INFO GPL3D-0000] overlayTSV: [default max] net rof1_0__core/fe/icache_1/_09000_ add C = 20.000 fF
[INFO GPL3D-0000] overlayTSV: [default max] net rof1_0__core/_02150_ add C = 20.000 fF
[INFO GPL3D-0000] overlayTSV: [default max] net me/network/data_cmd_channel/_10643_ add C = 20.000 fF
[INFO GPL3D-0000] overlayTSV: [default max] net rof1_0__core/_03626_ add C = 20.000 fF
[WARNING GPL3D-0000] overlayTSV: STA net not found. orig='rof1_0__core/fe/icache_1/write_mux_butterfly.data_o\[51\]_TSV_0_1_DN' try0='rof1_0__core/fe/icache_1/write_mux_butterfly.data_o[51]' try1='write_mux_butterfly.data_o[51]' top='top'
[INFO GPL3D-0000] overlayTSV: [default max] net rof1_0__core/fe/icache_1/_09103_ add C = 20.000 fF
[INFO GPL3D-0000] overlayTSV: [default max] net rof1_0__core/_01969_ add C = 20.000 fF
[WARNING GPL3D-0000] overlayTSV: STA net not found. orig='rof1_0__core/fe/icache_1/write_mux_butterfly.data_o\[87\]_TSV_0_1_DN' try0='rof1_0__core/fe/icache_1/write_mux_butterfly.data_o[87]' try1='write_mux_butterfly.data_o[87]' top='top'
[WARNING GPL3D-0000] overlayTSV: STA net not found. orig='rof1_0__core/fe/icache_1/write_mux_butterfly.data_o\[6\]_TSV_0_1_DN' try0='rof1_0__core/fe/icache_1/write_mux_butterfly.data_o[6]' try1='write_mux_butterfly.data_o[6]' top='top'
[INFO GPL3D-0000] overlayTSV: [default max] net me/network/data_resp_channel/_02610_ add C = 20.000 fF
[INFO GPL3D-0000] overlayTSV: [default max] net rof1_0__core/fe/icache_1/_09161_ add C = 20.000 fF
[INFO GPL3D-0000] overlayTSV: [default max] net rof1_0__core/_03974_ add C = 20.000 fF
[INFO GPL3D-0000] overlayTSV: [default max] net me/network/lce_cce_req_network/_1236_ add C = 20.000 fF
[WARNING GPL3D-0000] overlayTSV: STA net not found. orig='me/lce_data_resp_i_to_cce\[470\]_TSV_0_1_DN' try0='me/lce_data_resp_i_to_cce[470]' try1='lce_data_resp_i_to_cce[470]' top='top'
[INFO GPL3D-0000] overlayTSV: [default max] net me/genblk1_0__bp_cce_top/_10174_ add C = 20.000 fF
[INFO GPL3D-0000] overlayTSV: [default max] net me/genblk1_0__bp_cce_top/bp_cce/_03338_ add C = 20.000 fF
[INFO GPL3D-0000] overlayTSV: [default max] net rof1_0__core/fe/icache_1/_09316_ add C = 20.000 fF
[INFO GPL3D-0000] overlayTSV: [default max] net rof1_0__core/fe/icache_1/_09319_ add C = 20.000 fF
[INFO GPL3D-0000] overlayTSV: [default max] net me/network/data_cmd_channel/_04781_ add C = 20.000 fF
[INFO GPL3D-0000] overlayTSV: [default max] net rof1_0__core/fe/icache_1/_09326_ add C = 20.000 fF
[INFO GPL3D-0000] overlayTSV: [default max] net me/network/data_resp_channel/_02320_ add C = 20.000 fF
[INFO GPL3D-0000] overlayTSV: [default max] net me/network/data_cmd_channel/_05806_ add C = 20.000 fF
[INFO GPL3D-0000] overlayTSV: [default max] net me/network/_0544_ add C = 20.000 fF
[INFO GPL3D-0000] overlayTSV: [default max] net me/network/data_resp_channel/_02273_ add C = 20.000 fF
[WARNING GPL3D-0000] overlayTSV: STA net not found. orig='me/genblk1_0__bp_cce_top/cce_mem_data_cmd_fifo.data_i\[556\]_TSV_0_1_DN' try0='me/genblk1_0__bp_cce_top/cce_mem_data_cmd_fifo.data_i[556]' try1='cce_mem_data_cmd_fifo.data_i[556]' top='top'
[INFO GPL3D-0000] overlayTSV: [default max] net me/network/_0718_ add C = 20.000 fF
[WARNING GPL3D-0000] overlayTSV: STA net not found. orig='rof1_0__core/fe/icache_1/read_mux_butterfly.data_i\[362\]_TSV_0_1_DN' try0='rof1_0__core/fe/icache_1/read_mux_butterfly.data_i[362]' try1='read_mux_butterfly.data_i[362]' top='top'
[INFO GPL3D-0000] overlayTSV: [default max] net me/network/data_resp_channel/_05177_ add C = 20.000 fF
[WARNING GPL3D-0000] overlayTSV: STA net not found. orig='me/genblk1_0__bp_cce_top/lce_cce_data_resp_fifo.data_o\[169\]_TSV_0_1_DN' try0='me/genblk1_0__bp_cce_top/lce_cce_data_resp_fifo.data_o[169]' try1='lce_cce_data_resp_fifo.data_o[169]' top='top'
[INFO GPL3D-0000] overlayTSV: [default max] net me/network/data_cmd_channel/_09057_ add C = 20.000 fF
[WARNING GPL3D-0000] overlayTSV: STA net not found. orig='rof1_0__core/fe/icache_1/write_mux_butterfly.data_o\[80\]_TSV_0_1_DN' try0='rof1_0__core/fe/icache_1/write_mux_butterfly.data_o[80]' try1='write_mux_butterfly.data_o[80]' top='top'
[INFO GPL3D-0000] overlayTSV: [default max] net rof1_0__core/fe/icache_1/_09447_ add C = 20.000 fF
[INFO GPL3D-0000] overlayTSV: [default max] net me/network/data_cmd_channel/_06466_ add C = 20.000 fF
[INFO GPL3D-0000] overlayTSV: [default max] net me/network/data_resp_channel/_04709_ add C = 20.000 fF
[WARNING GPL3D-0000] overlayTSV: STA net not found. orig='me/genblk1_0__bp_cce_top/cce_mem_cmd_fifo.data_i\[14\]_TSV_0_1_DN' try0='me/genblk1_0__bp_cce_top/cce_mem_cmd_fifo.data_i[14]' try1='cce_mem_cmd_fifo.data_i[14]' top='top'
[INFO GPL3D-0000] overlayTSV: [default max] net rof1_0__core/_03235_ add C = 20.000 fF
[INFO GPL3D-0000] overlayTSV: [default max] net me/network/data_cmd_channel/_04345_ add C = 20.000 fF
[WARNING GPL3D-0000] overlayTSV: STA net not found. orig='me/genblk1_0__bp_cce_top/cce_mem_data_cmd_fifo.mem_1r1w.synth.mem\[751\]_TSV_0_1_DN' try0='me/genblk1_0__bp_cce_top/cce_mem_data_cmd_fifo.mem_1r1w.synth.mem[751]' try1='cce_mem_data_cmd_fifo.mem_1r1w.synth.mem[751]' top='top'
[WARNING GPL3D-0000] overlayTSV: STA net not found. orig='rof1_0__core/fe/icache_1/write_mux_butterfly.data_o\[264\]_TSV_0_1_DN' try0='rof1_0__core/fe/icache_1/write_mux_butterfly.data_o[264]' try1='write_mux_butterfly.data_o[264]' top='top'
[INFO GPL3D-0000] overlayTSV: [default max] net me/genblk1_0__bp_cce_top/bp_cce/_02562_ add C = 20.000 fF
[INFO GPL3D-0000] overlayTSV: [default max] net me/network/data_resp_channel/_04741_ add C = 20.000 fF
[INFO GPL3D-0000] overlayTSV: [default max] net me/genblk1_0__bp_cce_top/bp_cce/_06470_ add C = 20.000 fF
[INFO GPL3D-0000] overlayTSV: [default max] net me/genblk1_0__bp_cce_top/_06999_ add C = 20.000 fF
[INFO GPL3D-0000] overlayTSV: [default max] net me/network/_0749_ add C = 20.000 fF
[INFO GPL3D-0000] overlayTSV: [default max] net rof1_0__core/_01381_ add C = 20.000 fF
[INFO GPL3D-0000] overlayTSV: [default max] net me/genblk1_0__bp_cce_top/_15785_ add C = 20.000 fF
[INFO GPL3D-0000] overlayTSV: [default max] net me/genblk1_0__bp_cce_top/bp_cce/_06348_ add C = 20.000 fF
[INFO GPL3D-0000] overlayTSV: [default max] net rof1_0__core/_02290_ add C = 20.000 fF
[WARNING GPL3D-0000] overlayTSV: STA net not found. orig='me/genblk1_0__bp_cce_top/cce_mem_cmd_fifo.data_i\[27\]_TSV_0_1_DN' try0='me/genblk1_0__bp_cce_top/cce_mem_cmd_fifo.data_i[27]' try1='cce_mem_cmd_fifo.data_i[27]' top='top'
[WARNING GPL3D-0000] overlayTSV: STA net not found. orig='rof1_0__core/fe/icache_1/write_mux_butterfly.data_o\[117\]_TSV_0_1_DN' try0='rof1_0__core/fe/icache_1/write_mux_butterfly.data_o[117]' try1='write_mux_butterfly.data_o[117]' top='top'
[INFO GPL3D-0000] overlayTSV: [default max] net rof1_0__core/fe/bp_fe_pc_gen_1/genblk1_branch_prediction_1/btb_1/_0695_ add C = 20.000 fF
[INFO GPL3D-0000] overlayTSV: [default max] net rof1_0__core/fe/icache_1/_07880_ add C = 20.000 fF
[WARNING GPL3D-0000] overlayTSV: STA net not found. orig='rof1_0__core/fe/icache_1/write_mux_butterfly.data_o\[155\]_TSV_0_1_DN' try0='rof1_0__core/fe/icache_1/write_mux_butterfly.data_o[155]' try1='write_mux_butterfly.data_o[155]' top='top'
[INFO GPL3D-0000] overlayTSV: [default max] net me/network/data_cmd_channel/_08173_ add C = 20.000 fF
[INFO GPL3D-0000] overlayTSV: [default max] net rof1_0__core/fe/icache_1/_09832_ add C = 20.000 fF
[INFO GPL3D-0000] overlayTSV: [default max] net rof1_0__core/fe/icache_1/_09833_ add C = 20.000 fF
[WARNING GPL3D-0000] overlayTSV: STA net not found. orig='rof1_0__core/fe/icache_1/read_mux_butterfly.data_i\[350\]_TSV_0_1_DN' try0='rof1_0__core/fe/icache_1/read_mux_butterfly.data_i[350]' try1='read_mux_butterfly.data_i[350]' top='top'
[INFO GPL3D-0000] overlayTSV: [default max] net me/network/data_resp_channel/_05071_ add C = 20.000 fF
[INFO GPL3D-0000] overlayTSV: [default max] net me/genblk1_0__bp_cce_top/bp_cce/_03351_ add C = 20.000 fF
[INFO GPL3D-0000] overlayTSV: [default max] net rof1_0__core/fe/icache_1/_09897_ add C = 20.000 fF
[INFO GPL3D-0000] overlayTSV: [default max] net rof1_0__core/fe/icache_1/_09920_ add C = 20.000 fF
[WARNING GPL3D-0000] overlayTSV: STA net not found. orig='me/genblk1_0__bp_cce_top/lce_cce_data_resp_fifo.data_o\[138\]_TSV_0_1_DN' try0='me/genblk1_0__bp_cce_top/lce_cce_data_resp_fifo.data_o[138]' try1='lce_cce_data_resp_fifo.data_o[138]' top='top'
[WARNING GPL3D-0000] overlayTSV: STA net not found. orig='rof1_0__core/fe/icache_1/data_mem_bank_addr_li\[38\]_TSV_0_1_DN' try0='rof1_0__core/fe/icache_1/data_mem_bank_addr_li[38]' try1='data_mem_bank_addr_li[38]' top='top'
[INFO GPL3D-0000] overlayTSV: [default max] net rof1_0__core/fe/icache_1/_09943_ add C = 20.000 fF
[WARNING GPL3D-0000] overlayTSV: STA net not found. orig='rof1_0__core/fe/icache_1/write_mux_butterfly.data_o\[414\]_TSV_0_1_DN' try0='rof1_0__core/fe/icache_1/write_mux_butterfly.data_o[414]' try1='write_mux_butterfly.data_o[414]' top='top'
[WARNING GPL3D-0000] overlayTSV: STA net not found. orig='rof1_0__core/fe_cmd_fifo.data_o\[23\]_TSV_0_1_DN' try0='rof1_0__core/fe_cmd_fifo.data_o[23]' try1='fe_cmd_fifo.data_o[23]' top='top'
[INFO GPL3D-0000] overlayTSV: [default max] net me/network/data_resp_channel/_04798_ add C = 20.000 fF
[INFO GPL3D-0000] overlayTSV: [default max] net rof1_0__core/fe/icache_1/_09984_ add C = 20.000 fF
[INFO GPL3D-0000] overlayTSV: [default max] net rof1_0__core/fe/icache_1/_08095_ add C = 20.000 fF
[WARNING GPL3D-0000] overlayTSV: STA net not found. orig='rof1_0__core/fe/icache_1/write_mux_butterfly.data_o\[433\]_TSV_0_1_DN' try0='rof1_0__core/fe/icache_1/write_mux_butterfly.data_o[433]' try1='write_mux_butterfly.data_o[433]' top='top'
[WARNING GPL3D-0000] overlayTSV: STA net not found. orig='rof1_0__core/fe/icache_1/data_mem_bank_addr_li\[15\]_TSV_0_1_DN' try0='rof1_0__core/fe/icache_1/data_mem_bank_addr_li[15]' try1='data_mem_bank_addr_li[15]' top='top'
[INFO GPL3D-0000] overlayTSV: [default max] net rof1_0__core/fe/icache_1/_10072_ add C = 20.000 fF
[INFO GPL3D-0000] overlayTSV: [default max] net me/genblk1_0__bp_cce_top/bp_cce/_06261_ add C = 20.000 fF
[WARNING GPL3D-0000] overlayTSV: STA net not found. orig='rof1_0__core/fe/icache_1/write_mux_butterfly.data_o\[445\]_TSV_0_1_DN' try0='rof1_0__core/fe/icache_1/write_mux_butterfly.data_o[445]' try1='write_mux_butterfly.data_o[445]' top='top'
[INFO GPL3D-0000] overlayTSV: [default max] net rof1_0__core/fe/bp_fe_pc_gen_1/genblk1_branch_prediction_1/btb_1/_2689_ add C = 20.000 fF
[INFO GPL3D-0000] overlayTSV: [default max] net me/network/data_resp_channel/_05160_ add C = 20.000 fF
[INFO GPL3D-0000] overlayTSV: [default max] net rof1_0__core/_01620_ add C = 20.000 fF
[INFO GPL3D-0000] message limit (1000) reached. This message will no longer print.
=== Start place optimization ===
total hpwl:1902929.828971
Tier:0	DensityOverflow:0.445428
stopCondition:false
Tier:1	DensityOverflow:0.416297
stopCondition:false
total density overflow:0.430309
stepSize : 1.000000

iter:0
penalty factor:0.059210764671931
total hpwl:1850899.380191
Tier:0	DensityOverflow:0.445428,  stopCondition:false
Tier:1	DensityOverflow:0.416297,  stopCondition:false
total density overflow:0.430309. Best Density overflow:0.430309  at iteration 0
stepSize : 13.615098

iter:1
penalty factor:0.062029135903945
total hpwl:1671660.747757
Tier:0	DensityOverflow:0.441064,  stopCondition:false
Tier:1	DensityOverflow:0.412555,  stopCondition:false
total density overflow:0.426268. Best Density overflow:0.426268  at iteration 1
stepSize : 13.601338

iter:2
penalty factor:0.067096082863756
total hpwl:1610008.851680
Tier:0	DensityOverflow:0.407796,  stopCondition:false
Tier:1	DensityOverflow:0.387211,  stopCondition:false
total density overflow:0.397113. Best Density overflow:0.397113  at iteration 2
stepSize : 10.356384

iter:3
penalty factor:0.073844045023300
total hpwl:1611916.662525
Tier:0	DensityOverflow:0.400514,  stopCondition:false
Tier:1	DensityOverflow:0.395639,  stopCondition:false
total density overflow:0.397985. Best Density overflow:0.397113  at iteration 2
stepSize : 9.228412

iter:4
penalty factor:0.078303520375840
total hpwl:1477245.365152
Tier:0	DensityOverflow:0.362900,  stopCondition:false
Tier:1	DensityOverflow:0.361576,  stopCondition:false
total density overflow:0.362214. Best Density overflow:0.362214  at iteration 4
stepSize : 7.420438

iter:5
penalty factor:0.085855882197250
total hpwl:1465374.399080
Tier:0	DensityOverflow:0.360914,  stopCondition:false
Tier:1	DensityOverflow:0.371037,  stopCondition:false
total density overflow:0.366169. Best Density overflow:0.362214  at iteration 4
stepSize : 7.568373

iter:6
penalty factor:0.093393320956875
total hpwl:1424390.767663
Tier:0	DensityOverflow:0.337820,  stopCondition:false
Tier:1	DensityOverflow:0.340374,  stopCondition:false
total density overflow:0.339146. Best Density overflow:0.339146  at iteration 6
stepSize : 6.711740

iter:7
penalty factor:0.102656808836487
total hpwl:1421678.684013
Tier:0	DensityOverflow:0.329352,  stopCondition:false
Tier:1	DensityOverflow:0.334783,  stopCondition:false
total density overflow:0.332172. Best Density overflow:0.332172  at iteration 7
stepSize : 6.603222

iter:8
penalty factor:0.112166044614338
total hpwl:1396996.452008
Tier:0	DensityOverflow:0.319725,  stopCondition:false
Tier:1	DensityOverflow:0.316586,  stopCondition:false
total density overflow:0.318097. Best Density overflow:0.318097  at iteration 8
stepSize : 6.048299

iter:9
penalty factor:0.123134509546411
total hpwl:1389603.673433
Tier:0	DensityOverflow:0.317540,  stopCondition:false
Tier:1	DensityOverflow:0.306733,  stopCondition:false
total density overflow:0.311931. Best Density overflow:0.311931  at iteration 9
stepSize : 5.747169

iter:10
penalty factor:0.134711860594050
total hpwl:1369592.349197
Tier:0	DensityOverflow:0.318337,  stopCondition:false
Tier:1	DensityOverflow:0.309407,  stopCondition:false
total density overflow:0.313703. Best Density overflow:0.311931  at iteration 9
stepSize : 5.436984

iter:11
penalty factor:0.147956957390160
total hpwl:1363985.205369
Tier:0	DensityOverflow:0.317004,  stopCondition:false
Tier:1	DensityOverflow:0.309370,  stopCondition:false
total density overflow:0.313043. Best Density overflow:0.311931  at iteration 9
stepSize : 5.143645

iter:12
penalty factor:0.162338977820697
total hpwl:1354639.484716
Tier:0	DensityOverflow:0.308776,  stopCondition:false
Tier:1	DensityOverflow:0.304889,  stopCondition:false
total density overflow:0.306759. Best Density overflow:0.306759  at iteration 12
stepSize : 4.892913

iter:13
penalty factor:0.178315307679574
total hpwl:1349338.965244
Tier:0	DensityOverflow:0.294710,  stopCondition:false
Tier:1	DensityOverflow:0.294799,  stopCondition:false
total density overflow:0.294757. Best Density overflow:0.294757  at iteration 13
stepSize : 4.669309

iter:14
penalty factor:0.195707774557720
total hpwl:1341109.688078
Tier:0	DensityOverflow:0.277514,  stopCondition:false
Tier:1	DensityOverflow:0.281306,  stopCondition:false
total density overflow:0.279483. Best Density overflow:0.279483  at iteration 14
stepSize : 4.431269

iter:15
penalty factor:0.214931194796470
total hpwl:1335179.684893
Tier:0	DensityOverflow:0.262554,  stopCondition:false
Tier:1	DensityOverflow:0.266050,  stopCondition:false
total density overflow:0.264369. Best Density overflow:0.264369  at iteration 15
stepSize : 4.184273

iter:16
penalty factor:0.235903981250093
total hpwl:1327088.793802
Tier:0	DensityOverflow:0.251585,  stopCondition:false
Tier:1	DensityOverflow:0.254700,  stopCondition:false
total density overflow:0.253202. Best Density overflow:0.253202  at iteration 16
stepSize : 3.966515

iter:17
penalty factor:0.259123005564294
total hpwl:1321829.553334
Tier:0	DensityOverflow:0.243561,  stopCondition:false
Tier:1	DensityOverflow:0.245411,  stopCondition:false
total density overflow:0.244522. Best Density overflow:0.244522  at iteration 17
stepSize : 3.799353

iter:18
penalty factor:0.284653063720778
total hpwl:1316901.671082
Tier:0	DensityOverflow:0.237526,  stopCondition:false
Tier:1	DensityOverflow:0.239375,  stopCondition:false
total density overflow:0.238486. Best Density overflow:0.238486  at iteration 18
stepSize : 3.642228

iter:19
penalty factor:0.312922033895386
total hpwl:1314598.337827
Tier:0	DensityOverflow:0.232691,  stopCondition:false
Tier:1	DensityOverflow:0.233707,  stopCondition:false
total density overflow:0.233219. Best Density overflow:0.233219  at iteration 19
stepSize : 3.531001

iter:20
penalty factor:0.343930937957054
total hpwl:1311574.738427
Tier:0	DensityOverflow:0.228378,  stopCondition:false
Tier:1	DensityOverflow:0.229964,  stopCondition:false
total density overflow:0.229202. Best Density overflow:0.229202  at iteration 20
stepSize : 3.413808

iter:21
penalty factor:0.378246496636418
total hpwl:1310822.062933
Tier:0	DensityOverflow:0.224414,  stopCondition:false
Tier:1	DensityOverflow:0.225627,  stopCondition:false
total density overflow:0.225044. Best Density overflow:0.225044  at iteration 21
stepSize : 3.316448

iter:22
penalty factor:0.415843784972814
total hpwl:1308814.836171
Tier:0	DensityOverflow:0.219350,  stopCondition:false
Tier:1	DensityOverflow:0.221547,  stopCondition:false
total density overflow:0.220491. Best Density overflow:0.220491  at iteration 22
stepSize : 3.212310

iter:23
penalty factor:0.457353734222389
total hpwl:1308217.271629
Tier:0	DensityOverflow:0.214033,  stopCondition:false
Tier:1	DensityOverflow:0.215679,  stopCondition:false
total density overflow:0.214888. Best Density overflow:0.214888  at iteration 23
stepSize : 3.128631

iter:24
penalty factor:0.502820115299570
total hpwl:1306253.278824
Tier:0	DensityOverflow:0.208481,  stopCondition:false
Tier:1	DensityOverflow:0.211618,  stopCondition:false
total density overflow:0.210110. Best Density overflow:0.210110  at iteration 24
stepSize : 3.037318

iter:25
penalty factor:0.553011710976586
total hpwl:1305652.930213
Tier:0	DensityOverflow:0.203379,  stopCondition:false
Tier:1	DensityOverflow:0.207108,  stopCondition:false
total density overflow:0.205315. Best Density overflow:0.205315  at iteration 25
stepSize : 3.075503

iter:26
penalty factor:0.607777189704278
total hpwl:1302417.675363
Tier:0	DensityOverflow:0.198885,  stopCondition:false
Tier:1	DensityOverflow:0.202960,  stopCondition:false
total density overflow:0.201000. Best Density overflow:0.201000  at iteration 26
stepSize : 3.250543

iter:27
penalty factor:0.668454134506722
total hpwl:1301864.103983
Tier:0	DensityOverflow:0.195376,  stopCondition:false
Tier:1	DensityOverflow:0.199154,  stopCondition:false
total density overflow:0.197337. Best Density overflow:0.197337  at iteration 27
stepSize : 3.501001

iter:28
penalty factor:0.735173560942761
total hpwl:1301234.847859
Tier:0	DensityOverflow:0.190209,  stopCondition:false
Tier:1	DensityOverflow:0.195881,  stopCondition:false
total density overflow:0.193153. Best Density overflow:0.193153  at iteration 28
stepSize : 3.722929

iter:29
penalty factor:0.808606178367282
total hpwl:1300850.034105
Tier:0	DensityOverflow:0.184670,  stopCondition:false
Tier:1	DensityOverflow:0.192127,  stopCondition:false
total density overflow:0.188541. Best Density overflow:0.188541  at iteration 29
stepSize : 3.959513

iter:30
penalty factor:0.889098166549499
total hpwl:1299327.807549
Tier:0	DensityOverflow:0.180320,  stopCondition:false
Tier:1	DensityOverflow:0.189053,  stopCondition:false
total density overflow:0.184853. Best Density overflow:0.184853  at iteration 30
stepSize : 4.181434

iter:31
penalty factor:0.978056107065545
total hpwl:1299508.498389
Tier:0	DensityOverflow:0.176150,  stopCondition:false
Tier:1	DensityOverflow:0.186554,  stopCondition:false
total density overflow:0.181550. Best Density overflow:0.181550  at iteration 31
stepSize : 4.446564

iter:32
penalty factor:1.075690364717150
total hpwl:1298923.575333
Tier:0	DensityOverflow:0.172801,  stopCondition:false
Tier:1	DensityOverflow:0.185770,  stopCondition:false
total density overflow:0.179533. Best Density overflow:0.179533  at iteration 32
stepSize : 4.640747

iter:33
penalty factor:1.183485600996536
total hpwl:1299625.514563
Tier:0	DensityOverflow:0.169978,  stopCondition:false
Tier:1	DensityOverflow:0.181756,  stopCondition:false
total density overflow:0.176091. Best Density overflow:0.176091  at iteration 33
stepSize : 4.902786

iter:34
penalty factor:1.301936169188147
total hpwl:1299913.248244
Tier:0	DensityOverflow:0.167198,  stopCondition:false
Tier:1	DensityOverflow:0.180183,  stopCondition:false
total density overflow:0.173938. Best Density overflow:0.173938  at iteration 34
stepSize : 5.067798

iter:35
penalty factor:1.432626309483719
total hpwl:1301186.196656
Tier:0	DensityOverflow:0.163850,  stopCondition:false
Tier:1	DensityOverflow:0.177055,  stopCondition:false
total density overflow:0.170704. Best Density overflow:0.170704  at iteration 35
stepSize : 5.258775

iter:36
penalty factor:1.576209873641523
total hpwl:1301933.976213
Tier:0	DensityOverflow:0.161674,  stopCondition:false
Tier:1	DensityOverflow:0.176348,  stopCondition:false
total density overflow:0.169291. Best Density overflow:0.169291  at iteration 36
stepSize : 5.309283

iter:37
penalty factor:1.734525683843227
total hpwl:1303405.302876
Tier:0	DensityOverflow:0.158105,  stopCondition:false
Tier:1	DensityOverflow:0.173337,  stopCondition:false
total density overflow:0.166011. Best Density overflow:0.166011  at iteration 37
stepSize : 5.427860

iter:38
penalty factor:1.908493998110219
total hpwl:1304397.807216
Tier:0	DensityOverflow:0.155521,  stopCondition:false
Tier:1	DensityOverflow:0.172832,  stopCondition:false
total density overflow:0.164506. Best Density overflow:0.164506  at iteration 38
stepSize : 5.423573

iter:39
penalty factor:2.100422809617441
total hpwl:1306285.454144
Tier:0	DensityOverflow:0.155133,  stopCondition:false
Tier:1	DensityOverflow:0.169937,  stopCondition:false
total density overflow:0.162817. Best Density overflow:0.162817  at iteration 39
stepSize : 5.497938

iter:40
penalty factor:2.311308918730091
total hpwl:1307626.377822
Tier:0	DensityOverflow:0.153554,  stopCondition:false
Tier:1	DensityOverflow:0.167347,  stopCondition:false
total density overflow:0.160713. Best Density overflow:0.160713  at iteration 40
stepSize : 5.476314

iter:41
penalty factor:2.543635957323893
total hpwl:1309353.648449
Tier:0	DensityOverflow:0.151754,  stopCondition:false
Tier:1	DensityOverflow:0.165802,  stopCondition:false
total density overflow:0.159046. Best Density overflow:0.159046  at iteration 41
stepSize : 5.504594

iter:42
penalty factor:2.797854768161282
total hpwl:1309163.621320
Tier:0	DensityOverflow:0.150686,  stopCondition:false
Tier:1	DensityOverflow:0.160974,  stopCondition:false
total density overflow:0.156026. Best Density overflow:0.156026  at iteration 42
stepSize : 5.529034

iter:43
penalty factor:3.078070306629918
total hpwl:1309676.732267
Tier:0	DensityOverflow:0.148652,  stopCondition:false
Tier:1	DensityOverflow:0.157889,  stopCondition:false
total density overflow:0.153446. Best Density overflow:0.153446  at iteration 43
stepSize : 5.610898

iter:44
penalty factor:3.385606995245707
total hpwl:1309383.515722
Tier:0	DensityOverflow:0.146315,  stopCondition:false
Tier:1	DensityOverflow:0.155077,  stopCondition:false
total density overflow:0.150863. Best Density overflow:0.150863  at iteration 44
stepSize : 5.593311

iter:45
penalty factor:3.723169863243861
total hpwl:1308399.470774
Tier:0	DensityOverflow:0.143608,  stopCondition:false
Tier:1	DensityOverflow:0.150807,  stopCondition:false
total density overflow:0.147344. Best Density overflow:0.147344  at iteration 45
stepSize : 5.628978

iter:46
penalty factor:4.092643074624070
total hpwl:1305848.712719
Tier:0	DensityOverflow:0.143353,  stopCondition:false
Tier:1	DensityOverflow:0.147311,  stopCondition:false
total density overflow:0.145407. Best Density overflow:0.145407  at iteration 46
stepSize : 5.555621

iter:47
penalty factor:4.498217031616245
total hpwl:1302837.247336
Tier:0	DensityOverflow:0.141375,  stopCondition:false
Tier:1	DensityOverflow:0.145314,  stopCondition:false
total density overflow:0.143420. Best Density overflow:0.143420  at iteration 47
stepSize : 5.551849

iter:48
penalty factor:4.942409643337736
total hpwl:1298657.200759
Tier:0	DensityOverflow:0.141363,  stopCondition:false
Tier:1	DensityOverflow:0.143930,  stopCondition:false
total density overflow:0.142696. Best Density overflow:0.142696  at iteration 48
stepSize : 5.413969

iter:49
penalty factor:5.432018292058698
total hpwl:1295526.939688
Tier:0	DensityOverflow:0.139008,  stopCondition:false
Tier:1	DensityOverflow:0.139244,  stopCondition:false
total density overflow:0.139131. Best Density overflow:0.139131  at iteration 49
stepSize : 5.361380

iter:50
penalty factor:5.969043489405081
total hpwl:1291728.973209
Tier:0	DensityOverflow:0.136785,  stopCondition:false
Tier:1	DensityOverflow:0.137497,  stopCondition:false
total density overflow:0.137155. Best Density overflow:0.137155  at iteration 50
stepSize : 5.275234

iter:51
penalty factor:6.563560700831399
total hpwl:1290393.645922
Tier:0	DensityOverflow:0.134212,  stopCondition:false
Tier:1	DensityOverflow:0.133432,  stopCondition:false
total density overflow:0.133807. Best Density overflow:0.133807  at iteration 51
stepSize : 5.325882

iter:52
penalty factor:7.216328897666697
total hpwl:1288568.315096
Tier:0	DensityOverflow:0.131199,  stopCondition:false
Tier:1	DensityOverflow:0.132762,  stopCondition:false
total density overflow:0.132011. Best Density overflow:0.132011  at iteration 52
stepSize : 5.285640

iter:53
penalty factor:7.938216433242834
total hpwl:1288686.116189
Tier:0	DensityOverflow:0.129699,  stopCondition:false
Tier:1	DensityOverflow:0.131421,  stopCondition:false
total density overflow:0.130593. Best Density overflow:0.130593  at iteration 53
stepSize : 5.295673

iter:54
penalty factor:8.730096728104547
total hpwl:1287869.599789
Tier:0	DensityOverflow:0.128519,  stopCondition:false
Tier:1	DensityOverflow:0.130206,  stopCondition:false
total density overflow:0.129395. Best Density overflow:0.129395  at iteration 54
stepSize : 5.264639

iter:55
penalty factor:9.604021311282864
total hpwl:1288219.444148
Tier:0	DensityOverflow:0.127075,  stopCondition:false
Tier:1	DensityOverflow:0.126854,  stopCondition:false
total density overflow:0.126961. Best Density overflow:0.126961  at iteration 55
stepSize : 5.201375

iter:56
penalty factor:10.563173705854142
total hpwl:1287785.006836
Tier:0	DensityOverflow:0.125352,  stopCondition:false
Tier:1	DensityOverflow:0.126137,  stopCondition:false
total density overflow:0.125760. Best Density overflow:0.125760  at iteration 56
stepSize : 5.213363

iter:57
penalty factor:11.621252463042930
total hpwl:1288341.632752
Tier:0	DensityOverflow:0.124014,  stopCondition:false
Tier:1	DensityOverflow:0.123469,  stopCondition:false
total density overflow:0.123732. Best Density overflow:0.123732  at iteration 57
stepSize : 5.231861

iter:58
penalty factor:12.783349526905607
total hpwl:1288333.536906
Tier:0	DensityOverflow:0.122505,  stopCondition:false
Tier:1	DensityOverflow:0.124708,  stopCondition:false
total density overflow:0.123649. Best Density overflow:0.123649  at iteration 58
stepSize : 5.254137

iter:59
penalty factor:14.063415990114914
total hpwl:1288785.694473
Tier:0	DensityOverflow:0.121488,  stopCondition:false
Tier:1	DensityOverflow:0.120754,  stopCondition:false
total density overflow:0.121108. Best Density overflow:0.121108  at iteration 59
stepSize : 5.263189

iter:60
penalty factor:15.470793753270875
total hpwl:1289031.651516
Tier:0	DensityOverflow:0.120779,  stopCondition:false
Tier:1	DensityOverflow:0.121269,  stopCondition:false
total density overflow:0.121033. Best Density overflow:0.121033  at iteration 60
stepSize : 5.226202

iter:61
penalty factor:17.020373965750558
total hpwl:1289571.257774
Tier:0	DensityOverflow:0.119409,  stopCondition:false
Tier:1	DensityOverflow:0.118549,  stopCondition:false
total density overflow:0.118963. Best Density overflow:0.118963  at iteration 61
stepSize : 5.159544

iter:62
penalty factor:18.724006199333147
total hpwl:1289884.056359
Tier:0	DensityOverflow:0.118099,  stopCondition:false
Tier:1	DensityOverflow:0.117467,  stopCondition:false
total density overflow:0.117771. Best Density overflow:0.117771  at iteration 62
stepSize : 5.170556

iter:63
penalty factor:20.599360631477150
total hpwl:1290410.666279
Tier:0	DensityOverflow:0.117824,  stopCondition:false
Tier:1	DensityOverflow:0.115893,  stopCondition:false
total density overflow:0.116822. Best Density overflow:0.116822  at iteration 63
stepSize : 5.155709

iter:64
penalty factor:22.663537490640049
total hpwl:1291097.875654
Tier:0	DensityOverflow:0.116145,  stopCondition:false
Tier:1	DensityOverflow:0.115540,  stopCondition:false
total density overflow:0.115831. Best Density overflow:0.115831  at iteration 64
stepSize : 5.159858

iter:65
penalty factor:24.935095167502297
total hpwl:1291864.344152
Tier:0	DensityOverflow:0.116629,  stopCondition:false
Tier:1	DensityOverflow:0.114993,  stopCondition:false
total density overflow:0.115780. Best Density overflow:0.115780  at iteration 65
stepSize : 5.142143

iter:66
penalty factor:27.434876139971408
total hpwl:1292703.888719
Tier:0	DensityOverflow:0.114671,  stopCondition:false
Tier:1	DensityOverflow:0.113137,  stopCondition:false
total density overflow:0.113875. Best Density overflow:0.113875  at iteration 66
stepSize : 5.193159

iter:67
penalty factor:30.186116772288255
total hpwl:1293647.184943
Tier:0	DensityOverflow:0.114368,  stopCondition:false
Tier:1	DensityOverflow:0.113278,  stopCondition:false
total density overflow:0.113802. Best Density overflow:0.113802  at iteration 67
stepSize : 5.176496

iter:68
penalty factor:33.213556605202747
total hpwl:1294623.390059
Tier:0	DensityOverflow:0.113192,  stopCondition:false
Tier:1	DensityOverflow:0.112695,  stopCondition:false
total density overflow:0.112935. Best Density overflow:0.112935  at iteration 68
stepSize : 5.146554

iter:69
penalty factor:36.548277217625589
total hpwl:1295966.491032
Tier:0	DensityOverflow:0.112333,  stopCondition:false
Tier:1	DensityOverflow:0.111658,  stopCondition:false
total density overflow:0.111983. Best Density overflow:0.111983  at iteration 69
stepSize : 5.115160

iter:70
penalty factor:40.216475039394744
total hpwl:1297187.535866
Tier:0	DensityOverflow:0.110117,  stopCondition:false
Tier:1	DensityOverflow:0.112085,  stopCondition:false
total density overflow:0.111139. Best Density overflow:0.111139  at iteration 70
stepSize : 5.124410

iter:71
penalty factor:44.259262224295654
total hpwl:1298941.928322
Tier:0	DensityOverflow:0.110360,  stopCondition:false
Tier:1	DensityOverflow:0.109548,  stopCondition:false
total density overflow:0.109939. Best Density overflow:0.109939  at iteration 71
stepSize : 5.136589

iter:72
penalty factor:48.706808482264464
total hpwl:1300572.319779
Tier:0	DensityOverflow:0.107290,  stopCondition:false
Tier:1	DensityOverflow:0.110783,  stopCondition:false
total density overflow:0.109103. Best Density overflow:0.109103  at iteration 72
stepSize : 5.149720

iter:73
penalty factor:53.607866802428767
total hpwl:1302653.812689
Tier:0	DensityOverflow:0.107589,  stopCondition:false
Tier:1	DensityOverflow:0.107467,  stopCondition:false
total density overflow:0.107526. Best Density overflow:0.107526  at iteration 73
stepSize : 5.201111

iter:74
penalty factor:59.002234000590008
total hpwl:1304744.414423
Tier:0	DensityOverflow:0.105361,  stopCondition:false
Tier:1	DensityOverflow:0.108232,  stopCondition:false
total density overflow:0.106852. Best Density overflow:0.106852  at iteration 74
stepSize : 5.170496

iter:75
penalty factor:64.943721204011283
total hpwl:1307078.403656
Tier:0	DensityOverflow:0.106166,  stopCondition:false
Tier:1	DensityOverflow:0.106711,  stopCondition:false
total density overflow:0.106449. Best Density overflow:0.106449  at iteration 75
stepSize : 5.155598

iter:76
penalty factor:71.489224682640753
total hpwl:1309705.831842
Tier:0	DensityOverflow:0.104632,  stopCondition:false
Tier:1	DensityOverflow:0.106956,  stopCondition:false
total density overflow:0.105838. Best Density overflow:0.105838  at iteration 76
stepSize : 5.177806

iter:77
penalty factor:78.701462036469650
total hpwl:1312661.301696
Tier:0	DensityOverflow:0.105759,  stopCondition:false
Tier:1	DensityOverflow:0.105023,  stopCondition:false
total density overflow:0.105377. Best Density overflow:0.105377  at iteration 77
stepSize : 5.184781

iter:78
penalty factor:86.646028275542719
total hpwl:1315816.717103
Tier:0	DensityOverflow:0.103959,  stopCondition:false
Tier:1	DensityOverflow:0.104464,  stopCondition:false
total density overflow:0.104222. Best Density overflow:0.104222  at iteration 78
stepSize : 5.145646

iter:79
penalty factor:95.405694393401760
total hpwl:1319477.582478
Tier:0	DensityOverflow:0.104405,  stopCondition:false
Tier:1	DensityOverflow:0.102550,  stopCondition:false
total density overflow:0.103442. Best Density overflow:0.103442  at iteration 79
stepSize : 5.143763

iter:80
penalty factor:105.061406806655825
total hpwl:1323504.391927
Tier:0	DensityOverflow:0.102471,  stopCondition:false
Tier:1	DensityOverflow:0.103441,  stopCondition:false
total density overflow:0.102975. Best Density overflow:0.102975  at iteration 80
stepSize : 5.148741

iter:81
penalty factor:115.706513864305592
total hpwl:1327917.470008
Tier:0	DensityOverflow:0.102141,  stopCondition:false
Tier:1	DensityOverflow:0.101434,  stopCondition:false
total density overflow:0.101774. Best Density overflow:0.101774  at iteration 81
stepSize : 5.150480

iter:82
penalty factor:127.441698744534534
total hpwl:1332661.550208
Tier:0	DensityOverflow:0.100412,  stopCondition:false
Tier:1	DensityOverflow:0.101101,  stopCondition:false
total density overflow:0.100770. Best Density overflow:0.100770  at iteration 82
stepSize : 5.170191

iter:83
penalty factor:140.381238598659394
total hpwl:1337775.776001
Tier:0	DensityOverflow:0.100491,  stopCondition:false
Tier:1	DensityOverflow:0.099066,  stopCondition:true
total density overflow:0.099751. Best Density overflow:0.099751  at iteration 83
stepSize : 5.185258

iter:84
penalty factor:154.653283874416474
total hpwl:1343334.412151
Tier:0	DensityOverflow:0.099400,  stopCondition:true
Tier:1	DensityOverflow:0.099105,  stopCondition:true
total density overflow:0.099247. Best Density overflow:0.099247  at iteration 84
Stop at iteration 84.



TP-place clk aware time: 0.48 



Global Placement time: 254.05 seconds

== 16:43:04 TIMING+FEEDBACK POST1 ==
FATAL: gpl3d::td::timing_iteration not found. Did you call TimingOracle::registerTcl(interp)?
== 16:43:06 TIMING+FEEDBACK POST2 ==
FATAL: gpl3d::td::timing_iteration not found. Did you call TimingOracle::registerTcl(interp)?
